time_id,impl_id,n_cells,factor,n_threads,runtime
time_apply,linear_stencil,1000,10,1,6.415601819753647e-05
time_routine,linear_stencil,1000,10,1,0.0002958094701170921
time_apply,sparse_band_matrix,1000,10,1,4.043988883495331e-05
time_routine,sparse_band_matrix,1000,10,1,0.0002376753836870193
time_apply,sparse_csr_matrix,1000,10,1,7.518380880355835e-05
time_routine,sparse_csr_matrix,1000,10,1,0.0006636083126068115
time_apply,linear_stencil,8000,20,1,0.0003622733056545258
time_routine,linear_stencil,8000,20,1,0.0004849070683121681
time_apply,sparse_band_matrix,8000,20,1,0.0003025177866220474
time_routine,sparse_band_matrix,8000,20,1,0.001305283978581429
time_apply,sparse_csr_matrix,8000,20,1,0.0005715601146221161
time_routine,sparse_csr_matrix,8000,20,1,0.004724497906863689
time_apply,linear_stencil,27000,30,1,0.001228850334882736
time_routine,linear_stencil,27000,30,1,0.00146078784018755
time_apply,sparse_band_matrix,27000,30,1,0.0008819242939352989
time_routine,sparse_band_matrix,27000,30,1,0.003706839866936207
time_apply,sparse_csr_matrix,27000,30,1,0.001867849379777908
time_routine,sparse_csr_matrix,27000,30,1,0.01458169426769018
time_apply,linear_stencil,64000,40,1,0.002414820715785027
time_routine,linear_stencil,64000,40,1,0.002742886543273926
time_apply,sparse_band_matrix,64000,40,1,0.001689031720161438
time_routine,sparse_band_matrix,64000,40,1,0.007239797152578831
time_apply,sparse_csr_matrix,64000,40,1,0.003622722811996937
time_routine,sparse_csr_matrix,64000,40,1,0.02680074330419302
time_apply,linear_stencil,125000,50,1,0.003421289846301079
time_routine,linear_stencil,125000,50,1,0.00390574149787426
time_apply,sparse_band_matrix,125000,50,1,0.00252899806946516
time_routine,sparse_band_matrix,125000,50,1,0.01089675538241863
time_apply,sparse_csr_matrix,125000,50,1,0.004667548462748528
time_routine,sparse_csr_matrix,125000,50,1,0.03772727027535439
time_apply,linear_stencil,216000,60,1,0.004113608971238136
time_routine,linear_stencil,216000,60,1,0.004718873649835587
time_apply,sparse_band_matrix,216000,60,1,0.003427181392908096
time_routine,sparse_band_matrix,216000,60,1,0.01346282660961151
time_apply,sparse_csr_matrix,216000,60,1,0.007110611535608768
time_routine,sparse_csr_matrix,216000,60,1,0.05240125209093094
time_apply,linear_stencil,343000,70,1,0.006081553176045418
time_routine,linear_stencil,343000,70,1,0.006972067058086395
time_apply,sparse_band_matrix,343000,70,1,0.005211010575294495
time_routine,sparse_band_matrix,343000,70,1,0.01892797462642193
time_apply,sparse_csr_matrix,343000,70,1,0.0114387134090066
time_routine,sparse_csr_matrix,343000,70,1,0.08299702405929565
time_apply,linear_stencil,512000,80,1,0.009311054833233356
time_routine,linear_stencil,512000,80,1,0.0106395622715354
time_apply,sparse_band_matrix,512000,80,1,0.007883298210799694
time_routine,sparse_band_matrix,512000,80,1,0.02730171009898186
time_apply,sparse_csr_matrix,512000,80,1,0.01721756719052792
time_routine,sparse_csr_matrix,512000,80,1,0.1261895643547177
time_apply,linear_stencil,729000,90,1,0.01316697522997856
time_routine,linear_stencil,729000,90,1,0.01502318400889635
time_apply,sparse_band_matrix,729000,90,1,0.01209590025246143
time_routine,sparse_band_matrix,729000,90,1,0.04011791385710239
time_apply,sparse_csr_matrix,729000,90,1,0.02503904048353434
time_routine,sparse_csr_matrix,729000,90,1,0.1804394340142608
time_apply,linear_stencil,1000000,100,1,0.01805890072137117
time_routine,linear_stencil,1000000,100,1,0.02060186397284269
time_apply,sparse_band_matrix,1000000,100,1,0.01525544002652168
time_routine,sparse_band_matrix,1000000,100,1,0.05259230360388756
time_apply,sparse_csr_matrix,1000000,100,1,0.03321915026754141
time_routine,sparse_csr_matrix,1000000,100,1,0.2345072301104665
time_apply,linear_stencil,1331000,110,1,0.02391261141747236
time_routine,linear_stencil,1331000,110,1,0.0271184453740716
time_apply,sparse_band_matrix,1331000,110,1,0.02027417253702879
time_routine,sparse_band_matrix,1331000,110,1,0.06668677553534508
time_apply,sparse_csr_matrix,1331000,110,1,0.04746774397790432
time_routine,sparse_csr_matrix,1331000,110,1,0.3147252136841416
time_apply,linear_stencil,1728000,120,1,0.03074810560792685
time_routine,linear_stencil,1728000,120,1,0.03485358972102404
time_apply,sparse_band_matrix,1728000,120,1,0.02665204368531704
time_routine,sparse_band_matrix,1728000,120,1,0.09418226312845945
time_apply,sparse_csr_matrix,1728000,120,1,0.06159587204456329
time_routine,sparse_csr_matrix,1728000,120,1,0.408952284604311
time_apply,linear_stencil,2197000,130,1,0.04041195474565029
time_routine,linear_stencil,2197000,130,1,0.04566275421530008
time_apply,sparse_band_matrix,2197000,130,1,0.03440426010638475
time_routine,sparse_band_matrix,2197000,130,1,0.1201609391719103
time_apply,sparse_csr_matrix,2197000,130,1,0.07652136776596308
time_routine,sparse_csr_matrix,2197000,130,1,0.5190070122480392
time_apply,linear_stencil,2744000,140,1,0.04909907281398773
time_routine,linear_stencil,2744000,140,1,0.0556361535564065
time_apply,sparse_band_matrix,2744000,140,1,0.04177819192409515
time_routine,sparse_band_matrix,2744000,140,1,0.1477154763415456
time_apply,sparse_csr_matrix,2744000,140,1,0.09700978640466928
time_routine,sparse_csr_matrix,2744000,140,1,0.6485282797366381
time_apply,linear_stencil,3375000,150,1,0.06652747560292482
time_routine,linear_stencil,3375000,150,1,0.08031655382364988
time_apply,sparse_band_matrix,3375000,150,1,0.05165014043450356
time_routine,sparse_band_matrix,3375000,150,1,0.1830390905961394
time_apply,sparse_csr_matrix,3375000,150,1,0.1194235943257809
time_routine,sparse_csr_matrix,3375000,150,1,0.79918441362679
time_apply,linear_stencil,4096000,160,1,0.08092426043003798
time_routine,linear_stencil,4096000,160,1,0.09886130504310131
time_apply,sparse_band_matrix,4096000,160,1,0.07355424109846354
time_routine,sparse_band_matrix,4096000,160,1,0.2395063266158104
time_apply,sparse_csr_matrix,4096000,160,1,0.1449084645137191
time_routine,sparse_csr_matrix,4096000,160,1,0.968372861854732
time_apply,linear_stencil,4913000,170,1,0.09756230283528566
time_routine,linear_stencil,4913000,170,1,0.1189826326444745
time_apply,sparse_band_matrix,4913000,170,1,0.08615215308964252
time_routine,sparse_band_matrix,4913000,170,1,0.2968195863068104
time_apply,sparse_csr_matrix,4913000,170,1,0.1727897338569164
time_routine,sparse_csr_matrix,4913000,170,1,1.162106237374246
time_apply,linear_stencil,5832000,180,1,0.1149849072098732
time_routine,linear_stencil,5832000,180,1,0.1396541194990277
time_apply,sparse_band_matrix,5832000,180,1,0.1024558087810874
time_routine,sparse_band_matrix,5832000,180,1,0.3504067668691278
time_apply,sparse_csr_matrix,5832000,180,1,0.2057515941560268
time_routine,sparse_csr_matrix,5832000,180,1,1.37889651209116
time_apply,linear_stencil,6859000,190,1,0.1364210303872824
time_routine,linear_stencil,6859000,190,1,0.1650603832677007
time_apply,sparse_band_matrix,6859000,190,1,0.1204689918085933
time_routine,sparse_band_matrix,6859000,190,1,0.4112862106412649
time_apply,sparse_csr_matrix,6859000,190,1,0.2416212754324079
time_routine,sparse_csr_matrix,6859000,190,1,1.620691234245896
time_apply,linear_stencil,8000000,200,1,0.1569206146523356
time_routine,linear_stencil,8000000,200,1,0.1903059976175427
time_apply,sparse_band_matrix,8000000,200,1,0.139658841304481
time_routine,sparse_band_matrix,8000000,200,1,0.4810237847268581
time_apply,sparse_csr_matrix,8000000,200,1,0.2804248286411166
time_routine,sparse_csr_matrix,8000000,200,1,1.889795444905758
time_apply,linear_stencil,9261000,210,1,0.1823210949078202
time_routine,linear_stencil,9261000,210,1,0.2206280035898089
time_apply,sparse_band_matrix,9261000,210,1,0.1655489886179566
time_routine,sparse_band_matrix,9261000,210,1,0.5638202764093876
time_apply,sparse_csr_matrix,9261000,210,1,0.3384634228423238
time_routine,sparse_csr_matrix,9261000,210,1,2.208133788779378
time_apply,linear_stencil,10648000,220,1,0.2086261995136738
time_routine,linear_stencil,10648000,220,1,0.2525477530434728
time_apply,sparse_band_matrix,10648000,220,1,0.1852834559977055
time_routine,sparse_band_matrix,10648000,220,1,0.6361002940684557
time_apply,sparse_csr_matrix,10648000,220,1,0.3739132042974234
time_routine,sparse_csr_matrix,10648000,220,1,2.516051847487688
time_apply,linear_stencil,12167000,230,1,0.2391775771975517
time_routine,linear_stencil,12167000,230,1,0.2890148749575019
time_apply,sparse_band_matrix,12167000,230,1,0.2133130598813295
time_routine,sparse_band_matrix,12167000,230,1,0.7301823981106281
time_apply,sparse_csr_matrix,12167000,230,1,0.4305124953389168
time_routine,sparse_csr_matrix,12167000,230,1,2.877326495014131
time_apply,linear_stencil,13824000,240,1,0.2713591000065207
time_routine,linear_stencil,13824000,240,1,0.3278865423053503
time_apply,sparse_band_matrix,13824000,240,1,0.2412389377132058
time_routine,sparse_band_matrix,13824000,240,1,0.8235629294067621
time_apply,sparse_csr_matrix,13824000,240,1,0.4853530675172806
time_routine,sparse_csr_matrix,13824000,240,1,3.266070113517344
time_apply,linear_stencil,15625000,250,1,0.3057241681963205
time_routine,linear_stencil,15625000,250,1,0.3692101230844855
time_apply,sparse_band_matrix,15625000,250,1,0.2720127450302243
time_routine,sparse_band_matrix,15625000,250,1,0.9325714083388448
time_apply,sparse_csr_matrix,15625000,250,1,0.5512016378343105
time_routine,sparse_csr_matrix,15625000,250,1,3.692408635281026
time_apply,linear_stencil,17576000,260,1,0.344259325414896
time_routine,linear_stencil,17576000,260,1,0.4149016430601478
time_apply,sparse_band_matrix,17576000,260,1,0.3068336741998792
time_routine,sparse_band_matrix,17576000,260,1,1.044398350641131
time_apply,sparse_csr_matrix,17576000,260,1,0.6197058409452438
time_routine,sparse_csr_matrix,17576000,260,1,4.154353472404182
time_apply,linear_stencil,19683000,270,1,0.3854486579075456
time_routine,linear_stencil,19683000,270,1,0.4644192475825548
time_apply,sparse_band_matrix,19683000,270,1,0.3431174112483859
time_routine,sparse_band_matrix,19683000,270,1,1.178395135328174
time_apply,sparse_csr_matrix,19683000,270,1,0.6975637506693602
time_routine,sparse_csr_matrix,19683000,270,1,4.656485688872635
time_apply,linear_stencil,21952000,280,1,0.4297437490895391
time_routine,linear_stencil,21952000,280,1,0.518249942921102
time_apply,sparse_band_matrix,21952000,280,1,0.3816886469721794
time_routine,sparse_band_matrix,21952000,280,1,1.311775360256433
time_apply,sparse_csr_matrix,21952000,280,1,0.7704217126592994
time_routine,sparse_csr_matrix,21952000,280,1,5.187339464202523
time_apply,linear_stencil,24389000,290,1,0.4759077969938517
time_routine,linear_stencil,24389000,290,1,0.5733028063550591
time_apply,sparse_band_matrix,24389000,290,1,0.4250651635229588
time_routine,sparse_band_matrix,24389000,290,1,1.449135611765087
time_apply,sparse_csr_matrix,24389000,290,1,0.8633260643109679
time_routine,sparse_csr_matrix,24389000,290,1,5.765427686274052
time_apply,linear_stencil,27000000,300,1,0.5271729445084929
time_routine,linear_stencil,27000000,300,1,0.6348349954932928
time_apply,sparse_band_matrix,27000000,300,1,0.4703253665938973
time_routine,sparse_band_matrix,27000000,300,1,1.601060652174056
time_apply,sparse_csr_matrix,27000000,300,1,0.9514108067378402
time_routine,sparse_csr_matrix,27000000,300,1,6.382691585458815
time_apply,linear_stencil,29791000,310,1,0.581540422514081
time_routine,linear_stencil,29791000,310,1,0.7007547160610557
time_apply,sparse_band_matrix,29791000,310,1,0.51857755985111
time_routine,sparse_band_matrix,29791000,310,1,1.773782949894667
time_apply,sparse_csr_matrix,29791000,310,1,1.057091355323792
time_routine,sparse_csr_matrix,29791000,310,1,7.043458584696054
time_apply,linear_stencil,32768000,320,1,0.6443034866824746
time_routine,linear_stencil,32768000,320,1,0.7746323309838772
time_apply,sparse_band_matrix,32768000,320,1,0.6118382066488266
time_routine,sparse_band_matrix,32768000,320,1,1.982509639114141
time_apply,sparse_csr_matrix,32768000,320,1,1.151617507450283
time_routine,sparse_csr_matrix,32768000,320,1,7.742807161062956
time_apply,linear_stencil,35937000,330,1,0.7006988460198045
time_routine,linear_stencil,35937000,330,1,0.8434883607551455
time_apply,sparse_band_matrix,35937000,330,1,0.6447641486302018
time_routine,sparse_band_matrix,35937000,330,1,2.156419586390257
time_apply,sparse_csr_matrix,35937000,330,1,1.272931524552405
time_routine,sparse_csr_matrix,35937000,330,1,8.494737771339715
time_apply,linear_stencil,39304000,340,1,0.7661010585725307
time_routine,linear_stencil,39304000,340,1,0.9230573065578938
time_apply,sparse_band_matrix,39304000,340,1,0.6828592019155622
time_routine,sparse_band_matrix,39304000,340,1,2.336173344403505
time_apply,sparse_csr_matrix,39304000,340,1,1.386456876993179
time_routine,sparse_csr_matrix,39304000,340,1,9.29360109847039
time_apply,linear_stencil,42875000,350,1,0.8348395908251405
time_routine,linear_stencil,42875000,350,1,1.005344214849174
time_apply,sparse_band_matrix,42875000,350,1,0.7484867945313454
time_routine,sparse_band_matrix,42875000,350,1,2.54133659042418
time_apply,sparse_csr_matrix,42875000,350,1,1.521830911748111
time_routine,sparse_csr_matrix,42875000,350,1,10.14259366039187
time_apply,linear_stencil,46656000,360,1,0.9091217275708914
time_routine,linear_stencil,46656000,360,1,1.094333452172577
time_apply,sparse_band_matrix,46656000,360,1,0.8093828372657299
time_routine,sparse_band_matrix,46656000,360,1,2.770734526216984
time_apply,sparse_csr_matrix,46656000,360,1,1.645141897723079
time_routine,sparse_csr_matrix,46656000,360,1,11.02779920585454
time_apply,linear_stencil,50653000,370,1,0.9856238244101405
time_routine,linear_stencil,50653000,370,1,1.186455111950636
time_apply,sparse_band_matrix,50653000,370,1,0.8818337079137564
time_routine,sparse_band_matrix,50653000,370,1,3.011350796557963
time_apply,sparse_csr_matrix,50653000,370,1,1.795033182948828
time_routine,sparse_csr_matrix,50653000,370,1,11.9843541206792
time_apply,linear_stencil,54872000,380,1,1.066050401888788
time_routine,linear_stencil,54872000,380,1,1.28349644318223
time_apply,sparse_band_matrix,54872000,380,1,0.9560689833015203
time_routine,sparse_band_matrix,54872000,380,1,3.271053386852145
time_apply,sparse_csr_matrix,54872000,380,1,2.00940970517695
time_routine,sparse_csr_matrix,54872000,380,1,13.07980789896101
time_apply,linear_stencil,59319000,390,1,1.152075224556029
time_routine,linear_stencil,59319000,390,1,1.387034546583891
time_apply,sparse_band_matrix,59319000,390,1,1.04805863648653
time_routine,sparse_band_matrix,59319000,390,1,3.537773037329316
time_apply,sparse_csr_matrix,59319000,390,1,2.106436295434833
time_routine,sparse_csr_matrix,59319000,390,1,14.04006619937718
time_apply,linear_stencil,64000000,400,1,1.246472629718482
time_routine,linear_stencil,64000000,400,1,1.499596296809614
time_apply,sparse_band_matrix,64000000,400,1,1.112759670242667
time_routine,sparse_band_matrix,64000000,400,1,3.789450826123357
time_apply,sparse_csr_matrix,64000000,400,1,2.256182084791362
time_routine,sparse_csr_matrix,64000000,400,1,15.12767617590725
time_apply,linear_stencil,68921000,410,1,1.338569360785186
time_routine,linear_stencil,68921000,410,1,1.611806209199131
time_apply,sparse_band_matrix,68921000,410,1,1.201680363155901
time_routine,sparse_band_matrix,68921000,410,1,4.095644852146506
time_apply,sparse_csr_matrix,68921000,410,1,2.454143564216793
time_routine,sparse_csr_matrix,68921000,410,1,16.31662874296308
time_apply,linear_stencil,74088000,420,1,1.438809278421104
time_routine,linear_stencil,74088000,420,1,1.731983881443739
time_apply,sparse_band_matrix,74088000,420,1,1.296244725584984
time_routine,sparse_band_matrix,74088000,420,1,4.496380215510726
time_apply,sparse_csr_matrix,74088000,420,1,2.619500303640962
time_routine,sparse_csr_matrix,74088000,420,1,17.52973118145019
time_apply,linear_stencil,79507000,430,1,1.544852235354483
time_routine,linear_stencil,79507000,430,1,1.859161827713251
time_apply,sparse_band_matrix,79507000,430,1,1.443511544726789
time_routine,sparse_band_matrix,79507000,430,1,4.902581989765167
time_apply,sparse_csr_matrix,79507000,430,1,2.823326232843101
time_routine,sparse_csr_matrix,79507000,430,1,18.8150513228029
time_apply,linear_stencil,85184000,440,1,1.65772414021194
time_routine,linear_stencil,85184000,440,1,1.994988856837153
time_apply,sparse_band_matrix,85184000,440,1,1.482316165231168
time_routine,sparse_band_matrix,85184000,440,1,5.162570751272142
time_apply,sparse_csr_matrix,85184000,440,1,2.998390009626746
time_routine,sparse_csr_matrix,85184000,440,1,20.13071922957897
time_apply,linear_stencil,91125000,450,1,1.768758594058454
time_routine,linear_stencil,91125000,450,1,2.128875195048749
time_apply,sparse_band_matrix,91125000,450,1,1.590537360869348
time_routine,sparse_band_matrix,91125000,450,1,5.40631397254765
time_apply,sparse_csr_matrix,91125000,450,1,3.23947679810226
time_routine,sparse_csr_matrix,91125000,450,1,21.56857172399759
time_apply,linear_stencil,97336000,460,1,1.889518459327519
time_routine,linear_stencil,97336000,460,1,2.273800285533071
time_apply,sparse_band_matrix,97336000,460,1,1.692764352075756
time_routine,sparse_band_matrix,97336000,460,1,5.789639071561396
time_apply,sparse_csr_matrix,97336000,460,1,3.447098171338439
time_routine,sparse_csr_matrix,97336000,460,1,23.0300753004849
time_apply,linear_stencil,103823000,470,1,2.015222845599055
time_routine,linear_stencil,103823000,470,1,2.424732176586986
time_apply,sparse_band_matrix,103823000,470,1,1.838577100075781
time_routine,sparse_band_matrix,103823000,470,1,6.208588168025017
time_apply,sparse_csr_matrix,103823000,470,1,3.690089885145426
time_routine,sparse_csr_matrix,103823000,470,1,24.57920168992132
time_apply,linear_stencil,110592000,480,1,2.147781535051763
time_routine,linear_stencil,110592000,480,1,2.584554963745177
time_apply,sparse_band_matrix,110592000,480,1,2.064193453639746
time_routine,sparse_band_matrix,110592000,480,1,6.681034442968667
time_apply,sparse_csr_matrix,110592000,480,1,3.892326099798083
time_routine,sparse_csr_matrix,110592000,480,1,26.1516642626375
time_apply,linear_stencil,117649000,490,1,2.281324733048677
time_routine,linear_stencil,117649000,490,1,2.745802386663854
time_apply,sparse_band_matrix,117649000,490,1,2.065052694641054
time_routine,sparse_band_matrix,117649000,490,1,7.086863073520362
time_apply,sparse_csr_matrix,117649000,490,1,4.17673399951309
time_routine,sparse_csr_matrix,117649000,490,1,27.83153250720352
time_apply,linear_stencil,125000000,500,1,2.422725801356137
time_routine,linear_stencil,125000000,500,1,2.916000809520483
time_apply,sparse_band_matrix,125000000,500,1,2.211717696860433
time_routine,sparse_band_matrix,125000000,500,1,7.44587564561516
time_apply,sparse_csr_matrix,125000000,500,1,4.421901632100344
time_routine,sparse_csr_matrix,125000000,500,1,29.56827300973237
time_apply,linear_stencil,132651000,510,1,2.596182410605252
time_routine,linear_stencil,132651000,510,1,3.118777329102159
time_apply,sparse_band_matrix,132651000,510,1,2.62431678827852
time_routine,sparse_band_matrix,132651000,510,1,8.198115447536111
time_apply,sparse_csr_matrix,132651000,510,1,4.950641543604434
time_routine,sparse_csr_matrix,132651000,510,1,31.69053222518414
time_apply,linear_stencil,140608000,520,1,2.729652309790254
time_routine,linear_stencil,140608000,520,1,3.28397005610168
time_apply,sparse_band_matrix,140608000,520,1,2.504511502571404
time_routine,sparse_band_matrix,140608000,520,1,8.406469746492803
time_apply,sparse_csr_matrix,140608000,520,1,4.963353707455099
time_routine,sparse_csr_matrix,140608000,520,1,33.26213809661567
time_apply,linear_stencil,148877000,530,1,2.884315300732851
time_routine,linear_stencil,148877000,530,1,3.471661667339504
time_apply,sparse_band_matrix,148877000,530,1,2.721199262887239
time_routine,sparse_band_matrix,148877000,530,1,9.074947640299797
time_apply,sparse_csr_matrix,148877000,530,1,5.30565848108381
time_routine,sparse_csr_matrix,148877000,530,1,35.26973835285753
time_apply,linear_stencil,157464000,540,1,3.051447918638587
time_routine,linear_stencil,157464000,540,1,3.672227771021426
time_apply,sparse_band_matrix,157464000,540,1,2.756441152654588
time_routine,sparse_band_matrix,157464000,540,1,9.345085840672255
time_apply,sparse_csr_matrix,157464000,540,1,5.60255587939173
time_routine,sparse_csr_matrix,157464000,540,1,37.28578958380967
time_apply,linear_stencil,166375000,550,1,3.22204324323684
time_routine,linear_stencil,166375000,550,1,3.877792969346046
time_apply,sparse_band_matrix,166375000,550,1,2.925493359565735
time_routine,sparse_band_matrix,166375000,550,1,10.04745493736118
time_apply,sparse_csr_matrix,166375000,550,1,5.946199387311935
time_routine,sparse_csr_matrix,166375000,550,1,39.40755433309823
time_apply,linear_stencil,175616000,560,1,3.405079312622547
time_routine,linear_stencil,175616000,560,1,4.097509649582207
time_apply,sparse_band_matrix,175616000,560,1,3.112953957170248
time_routine,sparse_band_matrix,175616000,560,1,10.45317817199975
time_apply,sparse_csr_matrix,175616000,560,1,6.235071749426425
time_routine,sparse_csr_matrix,175616000,560,1,41.59503909293562
time_apply,linear_stencil,185193000,570,1,3.584339206106961
time_routine,linear_stencil,185193000,570,1,4.313900263980031
time_apply,sparse_band_matrix,185193000,570,1,3.247889881953597
time_routine,sparse_band_matrix,185193000,570,1,11.0355964442715
time_apply,sparse_csr_matrix,185193000,570,1,6.603970666415989
time_routine,sparse_csr_matrix,185193000,570,1,43.94056813139468
time_apply,linear_stencil,195112000,580,1,3.767072781920433
time_routine,linear_stencil,195112000,580,1,4.525317241437733
time_apply,sparse_band_matrix,195112000,580,1,3.417706904932857
time_routine,sparse_band_matrix,195112000,580,1,11.5340081891045
time_apply,sparse_csr_matrix,195112000,580,1,6.914673749357462
time_routine,sparse_csr_matrix,195112000,580,1,45.9771544598043
time_apply,linear_stencil,205379000,590,1,3.968052114360034
time_routine,linear_stencil,205379000,590,1,4.766581022180617
time_apply,sparse_band_matrix,205379000,590,1,3.896000069566071
time_routine,sparse_band_matrix,205379000,590,1,12.41102476231754
time_apply,sparse_csr_matrix,205379000,590,1,7.307019031606615
time_routine,sparse_csr_matrix,205379000,590,1,48.44860061258078
time_apply,linear_stencil,216000000,600,1,4.175432084128261
time_routine,linear_stencil,216000000,600,1,5.014573737047613
time_apply,sparse_band_matrix,216000000,600,1,3.862666947767138
time_routine,sparse_band_matrix,216000000,600,1,12.86746227368712
time_apply,sparse_csr_matrix,216000000,600,1,7.598187194205821
time_routine,sparse_csr_matrix,216000000,600,1,50.86347964033484
time_apply,linear_stencil,226981000,610,1,4.383506920188665
time_routine,linear_stencil,226981000,610,1,5.265909288078547
time_apply,sparse_band_matrix,226981000,610,1,3.98211364634335
time_routine,sparse_band_matrix,226981000,610,1,13.41548656579107
time_apply,sparse_csr_matrix,226981000,610,1,8.099080394953489
time_routine,sparse_csr_matrix,226981000,610,1,53.55850479658693
time_apply,linear_stencil,238328000,620,1,4.612582533620298
time_routine,linear_stencil,238328000,620,1,5.538335079327226
time_apply,sparse_band_matrix,238328000,620,1,4.25527691654861
time_routine,sparse_band_matrix,238328000,620,1,14.17014113534242
time_apply,sparse_csr_matrix,238328000,620,1,8.43292264547199
time_routine,sparse_csr_matrix,238328000,620,1,56.1875859843567
time_apply,linear_stencil,250047000,630,1,4.830166151747108
time_routine,linear_stencil,250047000,630,1,5.801813239231706
time_apply,sparse_band_matrix,250047000,630,1,4.388314570300281
time_routine,sparse_band_matrix,250047000,630,1,14.82460864447057
time_apply,sparse_csr_matrix,250047000,630,1,8.932485732249916
time_routine,sparse_csr_matrix,250047000,630,1,59.08419925812632
time_apply,linear_stencil,262144000,640,1,5.106771504506469
time_routine,linear_stencil,262144000,640,1,6.124797848984599
time_apply,sparse_band_matrix,262144000,640,1,4.999459609389305
time_routine,sparse_band_matrix,262144000,640,1,15.89141547493637
time_apply,sparse_csr_matrix,262144000,640,1,9.240342636592686
time_routine,sparse_csr_matrix,262144000,640,1,61.80238827038556
time_apply,linear_stencil,274625000,650,1,5.303442628122866
time_routine,linear_stencil,274625000,650,1,6.370231012813747
time_apply,sparse_band_matrix,274625000,650,1,4.826963574625552
time_routine,sparse_band_matrix,274625000,650,1,16.22285760194063
time_apply,sparse_csr_matrix,274625000,650,1,9.782230706885457
time_routine,sparse_csr_matrix,274625000,650,1,64.8794032195583
time_apply,linear_stencil,287496000,660,1,5.549591676332057
time_routine,linear_stencil,287496000,660,1,6.666288232430816
time_apply,sparse_band_matrix,287496000,660,1,5.144027331843972
time_routine,sparse_band_matrix,287496000,660,1,17.16562048345804
time_apply,sparse_csr_matrix,287496000,660,1,10.20386687479913
time_routine,sparse_csr_matrix,287496000,660,1,67.83542386349291
time_apply,linear_stencil,300763000,670,1,5.803487738594413
time_routine,linear_stencil,300763000,670,1,6.971403929404914
time_apply,sparse_band_matrix,300763000,670,1,5.263111220672727
time_routine,sparse_band_matrix,300763000,670,1,17.87292761169374
time_apply,sparse_csr_matrix,300763000,670,1,10.71488659270108
time_routine,sparse_csr_matrix,300763000,670,1,70.98396698944271
time_apply,linear_stencil,314432000,680,1,6.076202354393899
time_routine,linear_stencil,314432000,680,1,7.297318033874035
time_apply,sparse_band_matrix,314432000,680,1,5.868599439039826
time_routine,sparse_band_matrix,314432000,680,1,19.01101330388337
time_apply,sparse_csr_matrix,314432000,680,1,11.11027483269572
time_routine,sparse_csr_matrix,314432000,680,1,74.12587659712881
time_apply,linear_stencil,328509000,690,1,6.341874008998275
time_routine,linear_stencil,328509000,690,1,7.617417386732996
time_apply,sparse_band_matrix,328509000,690,1,5.768638756126165
time_routine,sparse_band_matrix,328509000,690,1,19.47301334142685
time_apply,sparse_csr_matrix,328509000,690,1,11.71155931148678
time_routine,sparse_csr_matrix,328509000,690,1,77.5490867625922
time_apply,linear_stencil,343000000,700,1,6.618813087232411
time_routine,linear_stencil,343000000,700,1,7.950837217271328
time_apply,sparse_band_matrix,343000000,700,1,6.02022067643702
time_routine,sparse_band_matrix,343000000,700,1,20.40005256049335
time_apply,sparse_csr_matrix,343000000,700,1,12.67025938723236
time_routine,sparse_csr_matrix,343000000,700,1,81.6401488641277
time_apply,linear_stencil,357911000,710,1,6.904906649142504
time_routine,linear_stencil,357911000,710,1,8.294313778169453
time_apply,sparse_band_matrix,357911000,710,1,6.274000538513064
time_routine,sparse_band_matrix,357911000,710,1,21.10813823156059
time_apply,sparse_csr_matrix,357911000,710,1,12.76357179600745
time_routine,sparse_csr_matrix,357911000,710,1,84.51422408409417
time_apply,linear_stencil,373248000,720,1,7.2177624553442
time_routine,linear_stencil,373248000,720,1,8.683616511523724
time_apply,sparse_band_matrix,373248000,720,1,6.914606596343219
time_routine,sparse_band_matrix,373248000,720,1,22.42611059639603
time_apply,sparse_csr_matrix,373248000,720,1,13.210976713337
time_routine,sparse_csr_matrix,373248000,720,1,88.04816902428865
time_apply,linear_stencil,389017000,730,1,7.504372743889689
time_routine,linear_stencil,389017000,730,1,9.0138507084921
time_apply,sparse_band_matrix,389017000,730,1,6.811994931660593
time_routine,sparse_band_matrix,389017000,730,1,23.14000280480832
time_apply,sparse_csr_matrix,389017000,730,1,13.87186684273183
time_routine,sparse_csr_matrix,389017000,730,1,91.81671298388392
time_apply,linear_stencil,405224000,740,1,7.817700653336942
time_routine,linear_stencil,405224000,740,1,9.390994921326637
time_apply,sparse_band_matrix,405224000,740,1,7.090386940166354
time_routine,sparse_band_matrix,405224000,740,1,24.03218718059361
time_apply,sparse_csr_matrix,405224000,740,1,14.36204626131803
time_routine,sparse_csr_matrix,405224000,740,1,95.60523476451635
time_apply,linear_stencil,421875000,750,1,8.136446507647634
time_routine,linear_stencil,421875000,750,1,9.773843880742788
time_apply,sparse_band_matrix,421875000,750,1,7.411677466705441
time_routine,sparse_band_matrix,421875000,750,1,25.12068790290505
time_apply,sparse_csr_matrix,421875000,750,1,15.04045837279409
time_routine,sparse_csr_matrix,421875000,750,1,99.64516262710094
time_apply,linear_stencil,438976000,760,1,8.474497376941144
time_routine,linear_stencil,438976000,760,1,10.17823661491275
time_apply,sparse_band_matrix,438976000,760,1,7.709448799490929
time_routine,sparse_band_matrix,438976000,760,1,26.47259362973273
time_apply,sparse_csr_matrix,438976000,760,1,15.51361752580851
time_routine,sparse_csr_matrix,438976000,760,1,103.5439869100228
time_apply,linear_stencil,456533000,770,1,8.802386927418411
time_routine,linear_stencil,456533000,770,1,10.57417864073068
time_apply,sparse_band_matrix,456533000,770,1,8.565955461934209
time_routine,sparse_band_matrix,456533000,770,1,27.53787921741605
time_apply,sparse_csr_matrix,456533000,770,1,16.28816978633404
time_routine,sparse_csr_matrix,456533000,770,1,107.8586932327598
time_apply,linear_stencil,474552000,780,1,9.14720921497792
time_routine,linear_stencil,474552000,780,1,10.98896049894392
time_apply,sparse_band_matrix,474552000,780,1,8.285988776013255
time_routine,sparse_band_matrix,474552000,780,1,28.10868225060403
time_apply,sparse_csr_matrix,474552000,780,1,16.88288062252104
time_routine,sparse_csr_matrix,474552000,780,1,112.0806432953104
time_apply,linear_stencil,493039000,790,1,9.505385978147388
time_routine,linear_stencil,493039000,790,1,11.41901266388595
time_apply,sparse_band_matrix,493039000,790,1,8.642945071682334
time_routine,sparse_band_matrix,493039000,790,1,29.32771641109139
time_apply,sparse_csr_matrix,493039000,790,1,17.57952924445271
time_routine,sparse_csr_matrix,493039000,790,1,116.3930477891117
time_apply,linear_stencil,512000000,800,1,9.8827218208462
time_routine,linear_stencil,512000000,800,1,11.86904783267528
time_apply,sparse_band_matrix,512000000,800,1,9.572170152328908
time_routine,sparse_band_matrix,512000000,800,1,30.87769070640206
time_apply,sparse_csr_matrix,512000000,800,1,18.094836470671
time_routine,sparse_csr_matrix,512000000,800,1,120.7771416055039
time_apply,linear_stencil,531441000,810,1,10.2470661951229
time_routine,linear_stencil,531441000,810,1,12.30970262736082
time_apply,sparse_band_matrix,531441000,810,1,9.333571935072541
time_routine,sparse_band_matrix,531441000,810,1,31.37820376828313
time_apply,sparse_csr_matrix,531441000,810,1,18.95310809928924
time_routine,sparse_csr_matrix,531441000,810,1,125.4965397147462
time_apply,linear_stencil,551368000,820,1,10.63109416048974
time_routine,linear_stencil,551368000,820,1,12.77082998864353
time_apply,sparse_band_matrix,551368000,820,1,9.650061757303774
time_routine,sparse_band_matrix,551368000,820,1,32.51970484852791
time_apply,sparse_csr_matrix,551368000,820,1,19.57227114588022
time_routine,sparse_csr_matrix,551368000,820,1,130.1457146573812
time_apply,linear_stencil,571787000,830,1,11.01903702225536
time_routine,linear_stencil,571787000,830,1,13.23748546093702
time_apply,sparse_band_matrix,571787000,830,1,10.02793159242719
time_routine,sparse_band_matrix,571787000,830,1,33.99757739435881
time_apply,sparse_csr_matrix,571787000,830,1,20.39685009419918
time_routine,sparse_csr_matrix,571787000,830,1,135.0096381120384
time_apply,linear_stencil,592704000,840,1,11.4292130023241
time_routine,linear_stencil,592704000,840,1,13.72856887802482
time_apply,sparse_band_matrix,592704000,840,1,10.36604106705636
time_routine,sparse_band_matrix,592704000,840,1,35.10142408683896
time_apply,sparse_csr_matrix,592704000,840,1,21.00836734846234
time_routine,sparse_csr_matrix,592704000,840,1,139.8641849188134
time_apply,linear_stencil,614125000,850,1,11.83560825977474
time_routine,linear_stencil,614125000,850,1,14.21857785340399
time_apply,sparse_band_matrix,614125000,850,1,10.75885872822255
time_routine,sparse_band_matrix,614125000,850,1,36.53271100111306
time_apply,sparse_csr_matrix,614125000,850,1,21.91871584393084
time_routine,sparse_csr_matrix,614125000,850,1,145.1010105889291
time_apply,linear_stencil,636056000,860,1,12.25100581813604
time_routine,linear_stencil,636056000,860,1,14.71932269446552
time_apply,sparse_band_matrix,636056000,860,1,11.13168051745743
time_routine,sparse_band_matrix,636056000,860,1,37.51459282450378
time_apply,sparse_csr_matrix,636056000,860,1,22.65773532912135
time_routine,sparse_csr_matrix,636056000,860,1,150.3450035266578
time_apply,linear_stencil,658503000,870,1,12.68715025298297
time_routine,linear_stencil,658503000,870,1,15.24373157694936
time_apply,sparse_band_matrix,658503000,870,1,12.20007786434144
time_routine,sparse_band_matrix,658503000,870,1,39.5191459748894
time_apply,sparse_csr_matrix,658503000,870,1,23.71741908881813
time_routine,sparse_csr_matrix,658503000,870,1,155.7748259240761
time_apply,linear_stencil,681472000,880,1,13.16134056076407
time_routine,linear_stencil,681472000,880,1,15.80446669179946
time_apply,sparse_band_matrix,681472000,880,1,11.91012109816074
time_routine,sparse_band_matrix,681472000,880,1,40.23767216689885
time_apply,sparse_csr_matrix,681472000,880,1,24.20179072767496
time_routine,sparse_csr_matrix,681472000,880,1,160.8683172734454
time_apply,linear_stencil,704969000,890,1,13.58098208531737
time_routine,linear_stencil,704969000,890,1,16.31577439513057
time_apply,sparse_band_matrix,704969000,890,1,12.34517709445208
time_routine,sparse_band_matrix,704969000,890,1,41.57707361225039
time_apply,sparse_csr_matrix,704969000,890,1,25.41624691244215
time_routine,sparse_csr_matrix,704969000,890,1,166.8655923539773
time_apply,linear_stencil,729000000,900,1,14.05276526883245
time_routine,linear_stencil,729000000,900,1,16.94434345513582
time_apply,sparse_band_matrix,729000000,900,1,12.7916706809774
time_routine,sparse_band_matrix,729000000,900,1,43.49745093099773
time_apply,sparse_csr_matrix,729000000,900,1,28.19226024672389
time_routine,sparse_csr_matrix,729000000,900,1,174.8275573486462
time_apply,linear_stencil,753571000,910,1,14.53121296223253
time_routine,linear_stencil,753571000,910,1,17.46507229469717
time_apply,sparse_band_matrix,753571000,910,1,13.23314117453992
time_routine,sparse_band_matrix,753571000,910,1,44.55524115730077
time_apply,sparse_csr_matrix,753571000,910,1,30.84700397867709
time_routine,sparse_csr_matrix,753571000,910,1,183.5546327680349
time_apply,linear_stencil,778688000,920,1,15.0084413420409
time_routine,linear_stencil,778688000,920,1,18.03053173143417
time_apply,sparse_band_matrix,778688000,920,1,13.64502640906721
time_routine,sparse_band_matrix,778688000,920,1,46.18493292573839
time_apply,sparse_csr_matrix,778688000,920,1,31.98377181682736
time_routine,sparse_csr_matrix,778688000,920,1,192.8421713067219
time_apply,linear_stencil,804357000,930,1,15.50208204612136
time_routine,linear_stencil,804357000,930,1,18.6226739808917
time_apply,sparse_band_matrix,804357000,930,1,14.10316395200789
time_routine,sparse_band_matrix,804357000,930,1,47.85263427905738
time_apply,sparse_csr_matrix,804357000,930,1,34.36170227266848
time_routine,sparse_csr_matrix,804357000,930,1,203.072722190991
time_apply,linear_stencil,830584000,940,1,15.99464994855225
time_routine,linear_stencil,830584000,940,1,19.21887429896742
time_apply,sparse_band_matrix,830584000,940,1,14.55050244275481
time_routine,sparse_band_matrix,830584000,940,1,48.99093443434685
time_apply,sparse_csr_matrix,830584000,940,1,38.46376765146852
time_routine,sparse_csr_matrix,830584000,940,1,217.2021212698892
time_apply,linear_stencil,857375000,950,1,16.50368929002434
time_routine,linear_stencil,857375000,950,1,19.8314037322998
time_apply,sparse_band_matrix,857375000,950,1,15.02636380214244
time_routine,sparse_band_matrix,857375000,950,1,50.56086675915867
time_apply,sparse_csr_matrix,857375000,950,1,37.72213557455689
time_routine,sparse_csr_matrix,857375000,950,1,223.2034492436796
time_apply,linear_stencil,884736000,960,1,17.1623633345589
time_routine,linear_stencil,884736000,960,1,20.5948055209592
time_apply,sparse_band_matrix,884736000,960,1,16.59981544688344
time_routine,sparse_band_matrix,884736000,960,1,53.35752722155303
time_apply,sparse_csr_matrix,884736000,960,1,43.43610232323408
time_routine,sparse_csr_matrix,884736000,960,1,240.5173818152398
time_apply,linear_stencil,912673000,970,1,17.61582842282951
time_routine,linear_stencil,912673000,970,1,21.22446925379336
time_apply,sparse_band_matrix,912673000,970,1,16.04730570781976
time_routine,sparse_band_matrix,912673000,970,1,54.22441441006958
time_apply,sparse_csr_matrix,912673000,970,1,45.45098861679435
time_routine,sparse_csr_matrix,912673000,970,1,252.7778752688318
time_apply,linear_stencil,941192000,980,1,18.17493418138474
time_routine,linear_stencil,941192000,980,1,21.89753538649529
time_apply,sparse_band_matrix,941192000,980,1,16.50321346148849
time_routine,sparse_band_matrix,941192000,980,1,56.97290887217969
time_apply,sparse_csr_matrix,941192000,980,1,49.04930331930518
time_routine,sparse_csr_matrix,941192000,980,1,265.3596273306757
time_apply,linear_stencil,970299000,990,1,18.74071424920112
time_routine,linear_stencil,970299000,990,1,22.57825405243784
time_apply,sparse_band_matrix,970299000,990,1,17.31544984225184
time_routine,sparse_band_matrix,970299000,990,1,58.33505032397807
time_apply,sparse_csr_matrix,970299000,990,1,39.75456709600985
time_routine,sparse_csr_matrix,970299000,990,1,255.2086853515357
time_apply,linear_stencil,1000000000,1000,1,19.32805829588324
time_routine,linear_stencil,1000000000,1000,1,23.28485163487494
time_apply,sparse_band_matrix,1000000000,1000,1,17.71141352597624
time_routine,sparse_band_matrix,1000000000,1000,1,59.80541290249676
time_apply,sparse_csr_matrix,1000000000,1000,1,46.9917039712891
time_routine,sparse_csr_matrix,1000000000,1000,1,278.3266372391954
time_apply,linear_stencil,1030301000,1010,1,19.895587538369
time_routine,linear_stencil,1030301000,1010,1,23.96900037769228
time_apply,sparse_band_matrix,1030301000,1010,1,20.56844253465533
time_routine,sparse_band_matrix,1030301000,1010,1,63.81667064595968
time_apply,sparse_csr_matrix,1030301000,1010,1,46.48270017001778
time_routine,sparse_csr_matrix,1030301000,1010,1,264.7863594386727
time_apply,linear_stencil,1061208000,1020,1,20.59425219614059
time_routine,linear_stencil,1061208000,1020,1,24.78760387003422
time_apply,sparse_band_matrix,1061208000,1020,1,20.12991604581475
time_routine,sparse_band_matrix,1061208000,1020,1,66.21319736726582
time_apply,sparse_csr_matrix,1061208000,1020,1,61.48315748944879
time_routine,sparse_csr_matrix,1061208000,1020,1,326.3267928753048
time_apply,linear_stencil,1092727000,1030,1,21.07787330634892
time_routine,linear_stencil,1092727000,1030,1,25.50151555426419
time_apply,sparse_band_matrix,1092727000,1030,1,22.48163580521941
time_routine,sparse_band_matrix,1092727000,1030,1,68.20736206322908
time_apply,sparse_csr_matrix,1092727000,1030,1,59.67628936097026
time_routine,sparse_csr_matrix,1092727000,1030,1,330.2455410324037
time_apply,linear_stencil,1124864000,1040,1,21.68782295379788
time_routine,linear_stencil,1124864000,1040,1,26.06019226741046
time_apply,sparse_band_matrix,1124864000,1040,1,19.77900836337358
time_routine,sparse_band_matrix,1124864000,1040,1,66.42819415498525
time_apply,sparse_csr_matrix,1124864000,1040,1,52.92111679725349
time_routine,sparse_csr_matrix,1124864000,1040,1,295.7275739349425
time_apply,linear_stencil,1157625000,1050,1,22.43647684063762
time_routine,linear_stencil,1157625000,1050,1,27.10565928649157
time_apply,sparse_band_matrix,1157625000,1050,1,21.50058520864695
time_routine,sparse_band_matrix,1157625000,1050,1,69.97993191052228
time_apply,sparse_csr_matrix,1157625000,1050,1,70.34558773040771
time_routine,sparse_csr_matrix,1157625000,1050,1,364.613067958504
time_apply,linear_stencil,1191016000,1060,1,22.93437949102372
time_routine,linear_stencil,1191016000,1060,1,27.77045310009271
time_apply,sparse_band_matrix,1191016000,1060,1,20.88657061196864
time_routine,sparse_band_matrix,1191016000,1060,1,70.99635003879666
time_apply,sparse_csr_matrix,1191016000,1060,1,48.98147130571306
time_routine,sparse_csr_matrix,1191016000,1060,1,297.0791080519557
time_apply,linear_stencil,1225043000,1070,1,23.9820517487824
time_routine,linear_stencil,1225043000,1070,1,28.79505356773734
time_apply,sparse_band_matrix,1225043000,1070,1,21.61430477164686
time_routine,sparse_band_matrix,1225043000,1070,1,73.07445652224123
time_apply,sparse_csr_matrix,1225043000,1070,1,77.22394080646336
time_routine,sparse_csr_matrix,1225043000,1070,1,400.2815703703091
time_apply,linear_stencil,1259712000,1080,1,24.54287597071379
time_routine,linear_stencil,1259712000,1080,1,29.70564743224531
time_apply,sparse_band_matrix,1259712000,1080,1,22.6582502964884
time_routine,sparse_band_matrix,1259712000,1080,1,77.87951021268964
time_apply,sparse_csr_matrix,1259712000,1080,1,74.68064296152443
time_routine,sparse_csr_matrix,1259712000,1080,1,400.1893830206245
time_apply,linear_stencil,1295029000,1090,1,24.97484033368528
time_routine,linear_stencil,1295029000,1090,1,30.21453398093581
time_apply,sparse_band_matrix,1295029000,1090,1,22.90913368482143
time_routine,sparse_band_matrix,1295029000,1090,1,78.4252157099545
time_apply,sparse_csr_matrix,1295029000,1090,1,94.71923616249114
time_routine,sparse_csr_matrix,1295029000,1090,1,444.7984445858747
time_apply,linear_stencil,1331000000,1100,1,25.86044308170676
time_routine,linear_stencil,1331000000,1100,1,31.43930985219777
time_apply,sparse_band_matrix,1331000000,1100,1,23.47720785811543
time_routine,sparse_band_matrix,1331000000,1100,1,81.11849406920373
time_apply,sparse_csr_matrix,1331000000,1100,1,84.23568300623447
time_routine,sparse_csr_matrix,1331000000,1100,1,436.1679077111185
time_apply,linear_stencil,1367631000,1110,1,26.5311115635559
time_routine,linear_stencil,1367631000,1110,1,32.18190878257155
time_apply,sparse_band_matrix,1367631000,1110,1,23.98022346012294
time_routine,sparse_band_matrix,1367631000,1110,1,80.81007385998964
time_apply,sparse_csr_matrix,1367631000,1110,1,63.00580487214029
time_routine,sparse_csr_matrix,1367631000,1110,1,366.1551949344575
time_apply,linear_stencil,1404928000,1120,1,27.14217445719987
time_routine,linear_stencil,1404928000,1120,1,32.69318284653127
time_apply,sparse_band_matrix,1404928000,1120,1,26.77795510925353
time_routine,sparse_band_matrix,1404928000,1120,1,85.55921749025583
time_apply,sparse_csr_matrix,1404928000,1120,1,92.79630319960415
time_routine,sparse_csr_matrix,1404928000,1120,1,471.8421916514635
time_apply,linear_stencil,1442897000,1130,1,27.97300575207919
time_routine,linear_stencil,1442897000,1130,1,33.91118648927659
time_apply,sparse_band_matrix,1442897000,1130,1,26.12810539454222
time_routine,sparse_band_matrix,1442897000,1130,1,87.48628071509302
time_apply,sparse_csr_matrix,1442897000,1130,1,65.72355392295867
time_routine,sparse_csr_matrix,1442897000,1130,1,374.0104700531811
time_apply,linear_stencil,1481544000,1140,1,28.58685512281954
time_routine,linear_stencil,1481544000,1140,1,34.44189078640193
time_apply,sparse_band_matrix,1481544000,1140,1,25.99255347624421
time_routine,sparse_band_matrix,1481544000,1140,1,87.95431879349053
