node_id,bench_id,impl_id,region_id,obj_cols,obj_rows,obj_levels,obj_cells,threads,l2d_load_bandwidth,l2d_load_data_volume,l2_bandwidth,l2_data_volume,l3_access_bandwidth,l3_access_data_volumen,l3_access_rate,l3_miss_rate,l3_miss_ratio,memory_bandwidth,memory_data_volume
gauss3,e_memory_by_cells,\Verb{const_coeff},apply,100,100,100,1000000,64,193017.0769,0.0468,193017.0769,0.0468,234921.8577,0.0410,5.2565,1.5685,7.0848,73247.8669,0.0126
gauss3,e_memory_by_cells,\Verb{const_coeff},overall,100,100,100,1000000,64,4169.9912,1.7945,4169.9912,1.7945,13678.9492,5.7710,18.7621,1.8959,8.6949,1054.3847,0.4526
gauss3,e_memory_by_cells,\Verb{const_coeff},apply,120,120,120,1728000,64,351946.5301,0.0718,351946.5301,0.0718,78899.2100,0.0626,2.8722,0.6498,5.2194,79930.1806,0.0144
gauss3,e_memory_by_cells,\Verb{const_coeff},overall,120,120,120,1728000,64,3521.4418,1.5220,3521.4418,1.5220,13432.0675,5.6867,18.0387,1.7199,8.9870,1219.4132,0.5195
gauss3,e_memory_by_cells,\Verb{const_coeff},apply,140,140,140,2744000,64,226296.5628,0.1032,226296.5628,0.1032,144370.1675,0.0988,3.9023,1.0540,6.4399,23933.6636,0.0235
gauss3,e_memory_by_cells,\Verb{const_coeff},overall,140,140,140,2744000,64,8780.8010,3.6982,8780.8010,3.6982,13603.2815,5.8818,17.2440,1.9839,9.3146,1527.1188,0.6585
gauss3,e_memory_by_cells,\Verb{const_coeff},apply,160,160,160,4096000,64,192606.4376,0.1472,192606.4376,0.1472,96917.9799,0.1354,3.5808,1.1819,7.3733,73436.5416,0.0550
gauss3,e_memory_by_cells,\Verb{const_coeff},overall,160,160,160,4096000,64,4114.1847,1.7331,4114.1847,1.7331,12079.5811,5.1867,4.0658,1.5358,8.9599,1491.8979,0.6435
gauss3,e_memory_by_cells,\Verb{const_coeff},apply,180,180,180,5832000,64,334317.6418,0.2047,334317.6418,0.2047,269785.0922,0.1893,4.2728,0.8868,5.1177,77900.0501,0.0505
gauss3,e_memory_by_cells,\Verb{const_coeff},overall,180,180,180,5832000,64,4206.6697,1.8157,4206.6697,1.8157,12131.6790,5.2688,15.9587,2.1141,8.1727,1708.3013,0.7371
gauss3,e_memory_by_cells,\Verb{const_coeff},apply,200,200,200,8000000,64,425423.9658,0.2729,425423.9658,0.2729,439596.9692,0.2743,5.1806,0.7998,3.8471,89299.7111,0.0468
gauss3,e_memory_by_cells,\Verb{const_coeff},overall,200,200,200,8000000,64,5374.7754,2.1351,5374.7754,2.1351,14015.3094,6.0721,12.7163,1.4777,7.3536,1674.2638,0.7258
gauss3,e_memory_by_cells,\Verb{const_coeff},apply,220,220,220,10648000,64,217235.6651,0.3585,217235.6651,0.3585,179215.4351,0.3448,4.1962,1.2555,7.0996,71405.6686,0.1194
gauss3,e_memory_by_cells,\Verb{const_coeff},overall,220,220,220,10648000,64,4343.0132,1.8690,4343.0132,1.8690,14054.3700,6.0054,10.2848,1.9279,9.2299,1949.3250,0.8575
gauss3,e_memory_by_cells,\Verb{const_coeff},apply,240,240,240,13824000,64,278213.6310,0.4595,278213.6310,0.4595,267353.5638,0.4599,4.9132,1.1152,5.4810,74686.5820,0.1283
gauss3,e_memory_by_cells,\Verb{const_coeff},overall,240,240,240,13824000,64,5275.8814,2.2896,5275.8814,2.2896,14843.3123,6.4534,10.7025,1.6906,8.4679,2159.5020,0.9527
gauss3,e_memory_by_cells,\Verb{const_coeff},apply,260,260,260,17576000,64,442357.1406,0.6228,442357.1406,0.6228,412221.2433,0.5241,4.7655,0.9166,4.8857,138178.1597,0.1735
gauss3,e_memory_by_cells,\Verb{const_coeff},overall,260,260,260,17576000,64,5763.1280,2.4500,5763.1280,2.4500,12790.5094,5.6592,9.4149,1.5383,8.0411,2538.5068,1.1096
gauss3,e_memory_by_cells,\Verb{const_coeff},apply,280,280,280,21952000,64,198601.0673,0.7203,198601.0673,0.7203,207925.7391,0.7250,5.0569,2.0187,9.8629,133118.7724,0.4808
gauss3,e_memory_by_cells,\Verb{const_coeff},overall,280,280,280,21952000,64,5938.7426,2.5936,5938.7426,2.5936,14736.2913,6.3012,7.6415,2.0289,10.7019,3715.3359,1.5960
gauss3,e_memory_by_cells,\Verb{const_coeff},apply,300,300,300,27000000,64,215399.5638,0.9082,215399.5638,0.9082,212033.7068,0.9294,5.5392,2.4910,11.2048,180318.2236,0.7220
gauss3,e_memory_by_cells,\Verb{const_coeff},overall,300,300,300,27000000,64,6913.9332,2.9773,6913.9332,2.9773,15820.0748,6.9204,7.9124,2.3616,12.3184,5126.9073,2.2553
gauss3,e_memory_by_cells,\Verb{const_coeff},apply,320,320,320,32768000,64,252569.7251,1.0883,252569.7251,1.0883,239972.1055,1.0856,5.7317,3.1607,13.7857,243731.8332,1.0527
gauss3,e_memory_by_cells,\Verb{const_coeff},overall,320,320,320,32768000,64,7462.9042,3.2377,7462.9042,3.2377,17245.6866,7.5070,8.2476,2.7299,13.4868,6263.9042,2.7768
gauss3,e_memory_by_cells,\Verb{const_coeff},apply,340,340,340,39304000,64,230058.7310,1.3355,230058.7310,1.3355,236090.4124,1.3496,5.7398,3.1196,13.5745,212510.1637,1.2181
gauss3,e_memory_by_cells,\Verb{const_coeff},overall,340,340,340,39304000,64,7560.3319,3.4376,7560.3319,3.4376,20733.2238,9.8972,9.6770,3.0659,9.9663,8293.1366,3.6888
gauss3,e_memory_by_cells,\Verb{const_coeff},apply,360,360,360,46656000,64,214368.8127,1.5203,214368.8127,1.5203,217632.9658,1.5798,5.5693,3.3136,14.8511,204334.8681,1.4499
gauss3,e_memory_by_cells,\Verb{const_coeff},overall,360,360,360,46656000,64,8441.0336,3.7931,8441.0336,3.7931,16191.6277,7.2780,6.4053,2.7772,13.8818,8533.0545,3.7865
gauss3,e_memory_by_cells,\Verb{const_coeff},apply,380,380,380,54872000,64,196724.3736,1.7843,196724.3736,1.7843,199410.2230,1.8065,5.5891,4.2412,18.9671,221767.3527,1.9910
gauss3,e_memory_by_cells,\Verb{const_coeff},overall,380,380,380,54872000,64,9376.7243,4.2345,9376.7243,4.2345,19398.4366,8.6085,5.2444,3.1760,15.5327,10548.2324,4.6380
gauss3,e_memory_by_cells,\Verb{const_coeff},apply,400,400,400,64000000,64,187361.2955,2.1057,187361.2955,2.1057,187464.0779,2.0955,5.5746,4.6326,20.7662,218213.4806,2.4019
gauss3,e_memory_by_cells,\Verb{const_coeff},overall,400,400,400,64000000,64,9731.8699,4.4397,9731.8699,4.4397,18886.9791,8.7027,6.7413,3.4819,16.7668,12078.0042,5.5796
gauss3,e_memory_by_cells,\Verb{const_coeff},apply,420,420,420,74088000,64,159575.0870,2.4100,159575.0870,2.4100,162629.9399,2.4312,5.3692,4.8556,22.6080,198439.4179,2.9876
gauss3,e_memory_by_cells,\Verb{const_coeff},overall,420,420,420,74088000,64,11980.6027,5.4430,11980.6027,5.4430,21430.0393,9.6590,6.0106,3.6839,17.6668,14643.2777,6.6383
gauss3,e_memory_by_cells,\Verb{const_coeff},apply,440,440,440,85184000,64,176202.5215,2.7709,176202.5215,2.7709,177145.3841,2.7821,5.5578,5.0728,22.8156,218010.7045,3.4196
gauss3,e_memory_by_cells,\Verb{const_coeff},overall,440,440,440,85184000,64,12150.8984,5.6159,12150.8984,5.6159,23508.0660,10.9497,6.4914,3.7541,17.6759,15980.2487,7.5201
gauss3,e_memory_by_cells,\Verb{const_coeff},apply,460,460,460,97336000,64,176696.7292,3.2473,176696.7292,3.2473,173543.8516,3.1807,5.5614,5.2586,23.6388,217259.7576,3.9756
gauss3,e_memory_by_cells,\Verb{const_coeff},overall,460,460,460,97336000,64,13694.8179,6.3267,13694.8179,6.3267,24936.4302,11.7186,6.2103,3.7478,17.9052,18216.5622,8.5316
gauss3,e_memory_by_cells,\Verb{const_coeff},apply,480,480,480,110592000,64,155207.6908,3.6140,155207.6908,3.6140,156196.3666,3.6117,5.3377,5.1318,24.0349,196037.2371,4.5557
gauss3,e_memory_by_cells,\Verb{const_coeff},overall,480,480,480,110592000,64,13497.0116,6.6933,13497.0116,6.6933,26478.0591,12.5253,5.9103,3.8084,18.3385,20631.7962,9.8835
gauss3,e_memory_by_cells,\Verb{const_coeff},apply,500,500,500,125000000,64,175303.0420,4.1725,175303.0420,4.1725,172294.3954,4.0866,5.5588,5.3899,24.2400,216213.9850,5.1664
gauss3,e_memory_by_cells,\Verb{const_coeff},overall,500,500,500,125000000,64,15990.1955,7.6649,15990.1955,7.6649,26166.4195,12.5994,5.9798,3.9342,18.6385,22671.5106,11.0649
gauss3,e_memory_by_cells,\Verb{const_coeff},apply,520,520,520,140608000,64,202912.5970,5.4380,202912.5970,5.4380,174747.9654,4.6589,5.6696,5.4787,24.1580,218706.8543,5.8345
gauss3,e_memory_by_cells,\Verb{const_coeff},overall,520,520,520,140608000,64,18927.9054,9.2230,18927.9054,9.2230,28896.8691,13.7785,5.4660,4.0099,19.0714,25822.4098,12.6450
gauss3,e_memory_by_cells,\Verb{const_coeff},apply,540,540,540,157464000,64,167213.6320,5.2187,167213.6320,5.2187,165482.3657,5.1382,5.4881,5.3695,24.4602,208624.3581,6.4963
gauss3,e_memory_by_cells,\Verb{const_coeff},overall,540,540,540,157464000,64,18701.3953,9.2460,18701.3953,9.2460,30583.9102,15.3538,5.4460,3.8347,18.8566,27877.5830,13.8906
gauss3,e_memory_by_cells,\Verb{const_coeff},apply,560,560,560,175616000,64,180641.5495,6.0908,180641.5495,6.0908,171902.1554,5.7779,5.6050,5.4736,24.4160,214762.9027,7.2155
gauss3,e_memory_by_cells,\Verb{const_coeff},overall,560,560,560,175616000,64,20299.9465,10.2572,20299.9465,10.2572,33926.1195,16.7177,5.8053,4.0156,18.6706,29563.2966,15.0548
gauss3,e_memory_by_cells,\Verb{const_coeff},apply,580,580,580,195112000,64,215806.6724,7.6970,215806.6724,7.6970,178769.5831,6.3674,5.6671,5.5672,24.5593,225163.8471,8.0172
gauss3,e_memory_by_cells,\Verb{const_coeff},overall,580,580,580,195112000,64,24991.5214,12.6428,24991.5214,12.6428,34962.6230,17.5061,5.6219,4.2603,19.4261,34442.0784,17.6095
gauss3,e_memory_by_cells,\Verb{const_coeff},apply,600,600,600,216000000,64,195431.2391,7.8550,195431.2391,7.8550,176546.5372,7.0776,5.6703,5.5458,24.4514,220056.0345,8.8533
gauss3,e_memory_by_cells,\Verb{const_coeff},overall,600,600,600,216000000,64,24364.9046,12.6326,24364.9046,12.6326,35711.2120,18.7886,5.8001,4.2456,19.2927,37948.8066,19.4354
gauss3,e_memory_by_cells,\Verb{const_coeff},apply,620,620,620,238328000,64,177124.8273,8.0450,177124.8273,8.0450,171079.6416,7.7701,5.5409,5.4496,24.5882,214426.9957,9.7485
gauss3,e_memory_by_cells,\Verb{const_coeff},overall,620,620,620,238328000,64,25611.9563,13.3562,25611.9563,13.3562,39164.1033,20.7570,5.3786,4.2679,19.7553,41076.3582,21.4998
gauss3,e_memory_by_cells,\Verb{const_coeff},apply,640,640,640,262144000,64,222209.4728,10.2321,222209.4728,10.2321,185947.2400,8.5709,5.7602,5.6488,24.5167,232082.6484,10.5755
gauss3,e_memory_by_cells,\Verb{const_coeff},overall,640,640,640,262144000,64,30174.3579,15.9620,30174.3579,15.9620,42284.3080,22.3957,5.7711,4.3473,19.5735,43074.7937,23.4138
gauss3,e_memory_by_cells,\Verb{const_coeff},apply,660,660,660,287496000,64,219016.1720,11.4434,219016.1720,11.4434,179569.8790,9.3671,5.6688,5.5783,24.6011,224567.5392,11.7117
gauss3,e_memory_by_cells,\Verb{const_coeff},overall,660,660,660,287496000,64,31928.4245,17.7872,31928.4245,17.7872,43190.7848,23.7473,5.6894,4.3368,19.6536,46580.2105,25.5366
gauss3,e_memory_by_cells,\Verb{const_coeff},apply,680,680,680,314432000,64,214704.1662,12.9414,214704.1662,12.9414,170322.1811,10.2581,5.5676,5.4705,24.5645,212425.6123,12.8059
gauss3,e_memory_by_cells,\Verb{const_coeff},overall,680,680,680,314432000,64,36139.3334,19.8956,36139.3334,19.8956,46591.9394,25.7442,5.6036,4.2562,19.5196,49646.3748,27.5173
gauss3,e_memory_by_cells,\Verb{const_coeff},apply,700,700,700,343000000,64,234519.9798,14.3183,234519.9798,14.3183,187656.4627,11.4058,5.8141,5.5910,24.0408,228183.8580,13.9410
gauss3,e_memory_by_cells,\Verb{const_coeff},overall,700,700,700,343000000,64,37003.7335,21.3931,37003.7335,21.3931,49068.7050,27.8769,5.7357,4.3674,19.4694,53023.2027,30.3290
gauss3,e_memory_by_cells,\Verb{const_coeff},apply,720,720,720,373248000,64,194687.4996,13.2964,194687.4996,13.2964,178338.2649,12.1473,5.6558,5.5678,24.6110,222511.8165,15.1566
gauss3,e_memory_by_cells,\Verb{const_coeff},overall,720,720,720,373248000,64,36656.0179,20.9495,36656.0179,20.9495,51605.7056,29.5013,5.6042,4.2729,19.4053,56307.1342,32.2742
gauss3,e_memory_by_cells,\Verb{const_coeff},apply,740,740,740,405224000,64,181931.9269,14.2530,181931.9269,14.2530,168744.9543,13.1863,5.5739,5.4875,24.6123,210143.9367,16.4332
gauss3,e_memory_by_cells,\Verb{const_coeff},overall,740,740,740,405224000,64,38216.6441,22.3975,38216.6441,22.3975,52230.6154,30.8164,5.3966,4.1449,19.0961,56498.2441,33.5220
gauss3,e_memory_by_cells,\Verb{const_coeff},apply,760,760,760,438976000,64,242800.3686,19.0227,242800.3686,19.0227,186152.9075,14.6118,5.8160,5.5973,24.0599,226358.3655,17.7939
gauss3,e_memory_by_cells,\Verb{const_coeff},overall,760,760,760,438976000,64,45925.2782,27.6808,45925.2782,27.6808,56840.9486,34.1527,5.6379,4.3422,19.4729,62295.9901,38.0273
gauss3,e_memory_by_cells,\Verb{const_coeff},apply,780,780,780,474552000,64,247606.8197,21.3987,247606.8197,21.3987,184299.9503,15.9009,5.8141,5.5623,23.9171,222800.3501,19.2088
gauss3,e_memory_by_cells,\Verb{const_coeff},overall,780,780,780,474552000,64,48463.1047,30.3471,48463.1047,30.3471,58829.6566,36.7074,5.6713,4.4347,19.7028,67084.7588,42.0602
gauss3,e_memory_by_cells,\Verb{const_coeff},apply,800,800,800,512000000,64,212977.5360,21.0552,212977.5360,21.0552,171001.1838,16.8883,5.6914,5.5366,24.3226,209690.0436,20.6648
gauss3,e_memory_by_cells,\Verb{const_coeff},overall,800,800,800,512000000,64,47768.6922,30.7408,47768.6922,30.7408,59973.5380,38.6253,5.5503,4.4141,20.0107,70243.8966,45.2287
gauss3,e_memory_by_cells,\Verb{const_coeff},apply,820,820,820,551368000,64,248592.5578,24.7273,248592.5578,24.7273,180942.9985,18.0011,5.6899,5.5886,24.5565,223730.4568,22.2839
gauss3,e_memory_by_cells,\Verb{const_coeff},overall,820,820,820,551368000,64,54584.9000,35.3320,54584.9000,35.3320,63602.1497,41.1109,5.5668,4.2965,19.3911,71610.0895,46.4350
gauss3,e_memory_by_cells,\Verb{const_coeff},apply,840,840,840,592704000,64,242554.8469,26.1595,242554.8469,26.1595,182387.4684,19.6498,5.7543,5.5636,24.1716,221953.5857,23.9393
gauss3,e_memory_by_cells,\Verb{const_coeff},overall,840,840,840,592704000,64,55765.6700,37.1422,55765.6700,37.1422,66153.3548,44.0746,5.5767,4.4330,19.9388,77674.2493,51.9899
gauss3,e_memory_by_cells,\Verb{const_coeff},apply,860,860,860,636056000,64,253508.1608,30.0003,253508.1608,30.0003,174888.4757,20.6843,5.6395,5.5584,24.6408,217009.3739,25.6473
gauss3,e_memory_by_cells,\Verb{const_coeff},overall,860,860,860,636056000,64,60800.7853,41.7266,60800.7853,41.7266,67838.4655,45.8904,5.4484,4.3571,19.8569,78925.0270,54.2751
gauss3,e_memory_by_cells,\Verb{const_coeff},apply,880,880,880,681472000,64,265543.0024,32.9140,265543.0024,32.9140,179871.5929,22.3001,5.7028,5.5886,24.5015,221812.6848,27.5012
gauss3,e_memory_by_cells,\Verb{const_coeff},overall,880,880,880,681472000,64,64855.5422,45.6706,64855.5422,45.6706,68969.1263,49.0444,5.5249,4.4855,20.3248,85434.0900,60.0250
gauss3,e_memory_by_cells,\Verb{const_coeff},apply,900,900,900,729000000,64,238937.9347,30.8924,238937.9347,30.8924,183694.6108,23.7297,5.7050,5.6169,24.6138,227798.0587,29.3967
gauss3,e_memory_by_cells,\Verb{const_coeff},overall,900,900,900,729000000,64,65681.7828,45.1756,65681.7828,45.1756,75268.1478,52.9852,5.5456,4.0919,18.3997,81746.5618,56.9789
gauss3,e_memory_by_cells,\Verb{const_coeff},apply,920,920,920,778688000,64,250556.8669,34.9915,250556.8669,34.9915,181998.5051,25.3716,5.7090,5.6160,24.5930,224634.1696,31.3786
gauss3,e_memory_by_cells,\Verb{const_coeff},overall,920,920,920,778688000,64,65766.9422,49.2629,65766.9422,49.2629,75009.5716,55.7159,5.5327,4.4870,20.2611,89811.9381,67.9093
gauss3,e_memory_by_cells,\Verb{const_coeff},apply,940,940,940,830584000,64,261618.6550,39.7687,261618.6550,39.7687,180220.3808,27.4162,5.7591,5.5915,24.2760,220028.3551,33.4154
gauss3,e_memory_by_cells,\Verb{const_coeff},overall,940,940,940,830584000,64,71503.6586,54.6405,71503.6586,54.6405,78088.1240,59.3969,5.4495,4.3705,19.9261,93646.1153,71.3040
gauss3,e_memory_by_cells,\Verb{const_coeff},apply,960,960,960,884736000,64,237063.8960,36.4449,237063.8960,36.4449,187104.2142,28.7235,5.7448,5.6693,24.6713,231953.9325,35.6274
gauss3,e_memory_by_cells,\Verb{const_coeff},overall,960,960,960,884736000,64,67587.7107,53.2940,67587.7107,53.2940,78479.2547,61.7344,5.5045,4.5294,20.5697,99552.2447,77.6664
gauss3,e_memory_by_cells,\Verb{const_coeff},apply,980,980,980,941192000,64,271267.1723,45.4548,271267.1723,45.4548,184018.7846,30.7732,5.7354,5.6233,24.5134,226515.1829,37.9180
gauss3,e_memory_by_cells,\Verb{const_coeff},overall,980,980,980,941192000,64,79703.0871,62.0021,79703.0871,62.0021,85256.6575,65.9698,5.5171,4.1630,18.7324,95608.3736,73.6746
gauss3,e_memory_by_cells,\Verb{const_coeff},apply,1000,1000,1000,1000000000,64,259138.4499,47.7353,259138.4499,47.7353,178231.6248,32.8577,5.7492,5.6081,24.3866,218561.0686,40.1946
gauss3,e_memory_by_cells,\Verb{const_coeff},overall,1000,1000,1000,1000000000,64,77490.5263,65.3050,77490.5263,65.3050,83505.6825,71.0363,5.4813,4.5129,20.4176,104762.2596,87.7009
gauss3,e_memory_by_cells,\Verb{const_coeff},apply,1020,1020,1020,1061208000,64,259659.6416,47.9985,259659.6416,47.9985,190955.2641,35.2898,5.8670,5.6528,24.0875,230586.0937,42.7077
gauss3,e_memory_by_cells,\Verb{const_coeff},overall,1020,1020,1020,1061208000,64,79789.9786,66.8759,79789.9786,66.8759,88931.2513,74.8425,5.5992,4.4359,19.7535,105695.3356,89.6330
gauss3,e_memory_by_cells,\Verb{const_coeff},apply,1040,1040,1040,1124864000,64,270782.8383,54.2856,270782.8383,54.2856,186107.2948,37.2422,5.8162,5.6294,24.1969,225876.4081,45.2276
gauss3,e_memory_by_cells,\Verb{const_coeff},overall,1040,1040,1040,1124864000,64,86152.4558,73.9813,86152.4558,73.9813,91467.6284,78.6177,5.5607,4.3925,19.6914,108329.6568,93.9364
gauss3,e_memory_by_cells,\Verb{const_coeff},apply,1060,1060,1060,1191016000,64,260463.3709,57.5141,260463.3709,57.5141,184294.6592,40.7602,6.0030,5.6210,23.4094,216941.9427,47.9534
gauss3,e_memory_by_cells,\Verb{const_coeff},overall,1060,1060,1060,1191016000,64,86178.0458,78.3926,86178.0458,78.3926,92266.3926,83.9393,5.6240,4.5391,20.0814,112961.2639,103.5719
gauss3,e_memory_by_cells,\Verb{const_coeff},apply,1080,1080,1080,1259712000,64,274896.1359,60.8353,274896.1359,60.8353,185465.6520,41.0263,5.7350,5.6423,24.5957,228635.6882,50.6394
gauss3,e_memory_by_cells,\Verb{const_coeff},overall,1080,1080,1080,1259712000,64,90156.8117,82.3448,90156.8117,82.3448,94551.2115,86.2283,5.4849,4.3709,19.7996,114008.1577,104.1181
gauss3,e_memory_by_cells,\Verb{const_coeff},apply,1100,1100,1100,1331000000,64,271319.3364,64.5155,271319.3364,64.5155,182310.4171,43.3377,5.7212,5.6321,24.6116,224996.0820,53.5552
gauss3,e_memory_by_cells,\Verb{const_coeff},overall,1100,1100,1100,1331000000,64,94736.9861,87.1678,94736.9861,87.1678,100303.3267,91.5448,5.5422,4.1939,18.8328,112688.6581,103.8841
gauss3,e_memory_by_cells,\Verb{const_coeff},apply,1120,1120,1120,1404928000,64,259610.4777,67.9073,259610.4777,67.9073,175161.0694,45.7790,5.7289,5.6390,24.6096,215883.9201,56.4873
gauss3,e_memory_by_cells,\Verb{const_coeff},overall,1120,1120,1120,1404928000,64,92068.6094,92.0079,92068.6094,92.0079,97427.3468,96.1561,5.5164,4.4666,20.1809,119214.3570,118.3330
gauss3,e_memory_by_cells,\Verb{const_coeff},apply,1140,1140,1140,1481544000,64,271942.8523,71.5318,271942.8523,71.5318,183320.1985,48.2131,5.7225,5.6375,24.6308,226324.9048,59.5196
gauss3,e_memory_by_cells,\Verb{const_coeff},overall,1140,1140,1140,1481544000,64,94596.5669,97.0696,94596.5669,97.0696,96203.1046,99.4678,5.4207,4.5705,20.9645,125889.8415,129.6109
gauss3,e_memory_by_cells,\Verb{const_coeff},apply,1160,1160,1160,1560896000,64,269878.8087,75.3421,269878.8087,75.3421,181541.1029,50.6641,5.7129,5.6403,24.6825,224590.1896,62.7283
gauss3,e_memory_by_cells,\Verb{const_coeff},overall,1160,1160,1160,1560896000,64,96012.9780,102.0528,96012.9780,102.0528,100075.9598,106.2424,5.4638,4.6094,20.9472,128521.7929,136.4787
gauss3,e_memory_by_cells,\Verb{const_coeff},apply,1180,1180,1180,1643032000,64,266230.2357,79.4569,266230.2357,79.4569,183856.0006,54.8735,5.8789,5.6418,23.9942,220936.9395,65.9824
gauss3,e_memory_by_cells,\Verb{const_coeff},overall,1180,1180,1180,1643032000,64,103964.1081,107.4596,103964.1081,107.4596,108089.3850,113.5676,5.6287,4.2134,18.6729,122290.1017,127.4722
gauss3,e_memory_by_cells,\Verb{const_coeff},apply,1200,1200,1200,1728000000,64,267302.6249,83.2905,267302.6249,83.2905,180514.1325,56.1129,5.7205,5.6445,24.6677,223052.9673,69.3287
gauss3,e_memory_by_cells,\Verb{const_coeff},overall,1200,1200,1200,1728000000,64,99573.5493,112.3260,99573.5493,112.3260,103387.3582,116.9823,5.4917,4.5763,20.7193,131794.9237,148.9914
gauss3,e_memory_by_cells,\Verb{const_coeff},apply,1220,1220,1220,1815848000,64,275659.2488,88.2423,275659.2488,88.2423,191379.8584,61.2573,5.9442,5.6462,23.7467,227987.6282,72.9509
gauss3,e_memory_by_cells,\Verb{const_coeff},overall,1220,1220,1220,1815848000,64,102254.8759,119.2681,102254.8759,119.2681,106247.2257,124.4000,5.6208,4.6208,20.5139,136723.6378,158.5086
gauss3,e_memory_by_cells,\Verb{const_coeff},apply,1240,1240,1240,1906624000,64,272049.5758,92.0579,272049.5758,92.0579,195156.5145,66.1156,6.1219,5.6559,23.0969,226869.7113,76.5486
gauss3,e_memory_by_cells,\Verb{const_coeff},overall,1240,1240,1240,1906624000,64,108236.4471,124.1351,108236.4471,124.1351,117000.8266,132.9976,5.6818,4.2992,18.8143,134062.6150,151.4194
gauss3,e_memory_by_cells,\Verb{const_coeff},apply,1260,1260,1260,2000376000,64,265386.5889,95.7221,265386.5889,95.7221,180051.4423,64.9298,5.7249,5.6511,24.6780,222393.2925,80.2963
gauss3,e_memory_by_cells,\Verb{const_coeff},overall,1260,1260,1260,2000376000,64,108702.5222,129.1604,108702.5222,129.1604,110633.8228,133.2172,5.4563,4.4100,20.0944,136355.2540,163.3072
gauss3,e_memory_by_cells,\Verb{const_coeff},apply,1280,1280,1280,2097152000,64,284148.4267,103.0841,284148.4267,103.0841,188822.2943,68.5842,5.7986,5.6865,24.5174,231978.7610,84.1681
gauss3,e_memory_by_cells,\Verb{const_coeff},overall,1280,1280,1280,2097152000,64,104956.4971,138.2600,104956.4971,138.2600,110601.6884,139.8346,5.4865,4.5862,20.7893,143098.3568,179.8396
gauss3,e_memory_by_cells,\Verb{const_coeff},apply,1300,1300,1300,2197000000,64,272732.7818,105.8007,272732.7818,105.8007,184131.4115,71.5273,5.7511,5.6632,24.6205,227059.7477,88.1765
gauss3,e_memory_by_cells,\Verb{const_coeff},overall,1300,1300,1300,2197000000,64,110191.6393,143.5062,110191.6393,143.5062,112587.2115,146.8212,5.4794,4.6211,20.9884,145662.7411,190.3191
gauss3,e_memory_by_cells,\Verb{const_coeff},apply,1320,1320,1320,2299968000,64,266706.7066,111.1458,266706.7066,111.1458,179206.1855,74.5848,5.7249,5.6565,24.7014,221868.5824,92.3635
gauss3,e_memory_by_cells,\Verb{const_coeff},overall,1320,1320,1320,2299968000,64,110035.1568,149.5130,110035.1568,149.5130,112464.9472,152.7268,5.4779,4.6294,21.0316,139355.4624,199.0478
gauss3,e_memory_by_cells,\Verb{const_coeff},apply,1340,1340,1340,2406104000,64,278265.2629,116.6541,278265.2629,116.6541,187632.2124,78.6718,5.7919,5.6784,24.5114,230340.1458,96.5411
gauss3,e_memory_by_cells,\Verb{const_coeff},overall,1340,1340,1340,2406104000,64,112629.0697,158.0162,112629.0697,158.0162,113326.2953,159.7367,5.5130,4.6734,21.1196,149295.9395,210.2440
gauss3,e_memory_by_cells,\Verb{const_coeff},apply,1360,1360,1360,2515456000,64,271372.6380,121.1291,271372.6380,121.1291,182943.2045,81.6591,5.7396,5.6651,24.6754,226144.2119,100.9207
gauss3,e_memory_by_cells,\Verb{const_coeff},overall,1360,1360,1360,2515456000,64,115296.8274,163.0028,115296.8274,163.0028,117241.8072,167.6687,5.4910,4.5809,20.7777,143844.1732,214.8698
gauss3,e_memory_by_cells,\Verb{const_coeff},apply,1380,1380,1380,2628072000,64,265903.1965,127.3040,265903.1965,127.3040,179440.4834,85.8772,5.7752,5.6671,24.5353,220369.2194,105.4524
gauss3,e_memory_by_cells,\Verb{const_coeff},overall,1380,1380,1380,2628072000,64,113678.4388,170.6891,113678.4388,170.6891,113082.0365,178.4662,5.5544,4.6478,20.8598,146024.1648,229.4265
gauss3,e_memory_by_cells,\Verb{const_coeff},apply,1400,1400,1400,2744000000,64,276037.1980,132.3409,276037.1980,132.3409,185901.1161,89.0076,5.7363,5.6660,24.6937,229822.7023,110.0853
gauss3,e_memory_by_cells,\Verb{const_coeff},overall,1400,1400,1400,2744000000,64,118815.3294,178.1664,118815.3294,178.1664,124386.4750,185.3045,5.5909,4.2600,18.9960,149492.3566,213.1002
gauss3,e_memory_by_cells,\Verb{const_coeff},apply,1420,1420,1420,2863288000,64,272971.6894,138.4001,272971.6894,138.4001,185503.5482,93.9364,5.8035,5.6688,24.4198,226638.3376,114.8619
gauss3,e_memory_by_cells,\Verb{const_coeff},overall,1420,1420,1420,2863288000,64,118077.1560,185.6140,118077.1560,185.6140,120578.7307,189.7002,5.5184,4.6169,20.8642,156864.1215,246.2379
gauss3,e_memory_by_cells,\Verb{const_coeff},apply,1440,1440,1440,2985984000,64,264307.2012,144.1452,264307.2012,144.1452,178216.7648,97.2194,5.7599,5.6719,24.6185,219388.6105,119.7840
gauss3,e_memory_by_cells,\Verb{const_coeff},overall,1440,1440,1440,2985984000,64,117710.7780,193.6178,117710.7780,193.6178,119548.4777,197.0409,5.5253,4.6937,21.1875,157592.6783,260.4733
gauss3,e_memory_by_cells,\Verb{const_coeff},apply,1460,1460,1460,3112136000,64,276154.7698,151.7729,276154.7698,151.7729,187292.5071,103.0377,5.8584,5.6726,24.2112,227134.6397,124.8375
gauss3,e_memory_by_cells,\Verb{const_coeff},overall,1460,1460,1460,3112136000,64,128239.3347,202.9597,128239.3347,202.9597,132687.9238,208.9145,5.6248,4.2735,18.9518,155116.9736,239.7968
gauss3,e_memory_by_cells,\Verb{const_coeff},apply,1480,1480,1480,3241792000,64,271733.5206,156.6839,271733.5206,156.6839,193576.6297,111.7475,6.0905,5.6655,23.2553,225299.7084,130.0572
gauss3,e_memory_by_cells,\Verb{const_coeff},overall,1480,1480,1480,3241792000,64,123174.9748,210.6354,123174.9748,210.6354,128700.6364,220.5966,5.6821,4.5659,20.0552,160334.6112,274.2650
gauss3,e_memory_by_cells,\Verb{const_coeff},apply,1500,1500,1500,3375000000,64,269169.0471,163.0374,269169.0471,163.0374,193147.1081,116.9040,6.1319,5.6756,23.1406,223372.8656,135.3310
gauss3,e_memory_by_cells,\Verb{const_coeff},overall,1500,1500,1500,3375000000,64,124761.7778,219.6384,124761.7778,219.6384,131036.6349,230.7720,5.7464,4.5868,19.9260,162509.7693,285.1222
gauss3,e_memory_by_cells,\Verb{const_coeff},apply,1520,1520,1520,3511808000,64,272958.2227,169.9554,272958.2227,169.9554,187807.4358,117.0439,5.9019,5.6771,24.0503,226221.6207,140.8264
gauss3,e_memory_by_cells,\Verb{const_coeff},overall,1520,1520,1520,3511808000,64,124299.7697,228.0637,124299.7697,228.0637,127586.4890,233.7027,5.5999,4.6693,20.8090,164653.2820,303.0965
gauss3,e_memory_by_cells,\Verb{const_coeff},apply,1540,1540,1540,3652264000,64,277048.4743,177.6347,277048.4743,177.6347,185352.9086,118.9510,5.7681,5.6808,24.6221,228640.7373,146.5209
gauss3,e_memory_by_cells,\Verb{const_coeff},overall,1540,1540,1540,3652264000,64,126504.0424,238.1722,126504.0424,238.1722,127393.3301,240.8204,5.5318,4.6694,21.0789,167770.7885,316.3052
gauss3,e_memory_by_cells,\Verb{const_coeff},apply,1560,1560,1560,3796416000,64,275219.2873,183.3659,275219.2873,183.3659,184972.6910,123.2478,5.7509,5.6765,24.6765,228698.3737,152.2298
gauss3,e_memory_by_cells,\Verb{const_coeff},overall,1560,1560,1560,3796416000,64,125115.2522,245.6316,125115.2522,245.6316,127453.7812,249.3017,5.5489,4.7204,21.2504,168549.8977,331.1809
gauss3,e_memory_by_cells,\Verb{const_coeff},apply,1580,1580,1580,3944312000,64,270462.0895,190.3713,270462.0895,190.3713,182440.3602,128.3813,5.7660,5.6762,24.6108,224496.3401,158.1478
gauss3,e_memory_by_cells,\Verb{const_coeff},overall,1580,1580,1580,3944312000,64,130358.4468,255.1042,130358.4468,255.1042,133912.4592,260.2634,5.5740,4.4983,20.1513,166355.6372,322.9213
gauss3,e_memory_by_cells,\Verb{const_coeff},apply,1600,1600,1600,4096000000,64,280337.8523,198.2499,280337.8523,198.2499,189200.1250,134.3280,5.8137,5.6902,24.4726,232586.6547,164.1916
gauss3,e_memory_by_cells,\Verb{const_coeff},overall,1600,1600,1600,4096000000,64,132092.8516,265.7576,132092.8516,265.7576,134093.8475,269.3702,5.5648,4.6426,20.8357,171135.8652,348.7124

gauss3,e_memory_by_cells,\Verb{nonconst_coeff},apply,100,100,100,1000000,64,242851.8951,0.0741,242851.8951,0.0741,189663.7964,0.0546,3.9470,1.2648,7.2929,88313.9570,0.0248
gauss3,e_memory_by_cells,\Verb{nonconst_coeff},overall,100,100,100,1000000,64,3835.0739,1.6189,3835.0739,1.6189,11956.0954,5.1065,13.1347,1.9617,9.3439,1474.6584,0.6367
gauss3,e_memory_by_cells,\Verb{nonconst_coeff},apply,120,120,120,1728000,64,450830.6746,0.1249,450830.6746,0.1249,409271.0136,0.1149,5.1343,1.0892,5.2498,82163.1326,0.0227
gauss3,e_memory_by_cells,\Verb{nonconst_coeff},overall,120,120,120,1728000,64,3649.3038,1.6153,3649.3038,1.6153,13369.8197,5.7628,4.7910,1.6622,8.1662,1356.6896,0.5903
gauss3,e_memory_by_cells,\Verb{nonconst_coeff},apply,140,140,140,2744000,64,265729.6335,0.1712,265729.6335,0.1712,337761.2340,0.1525,4.3651,1.1002,6.0861,84758.9185,0.0414
gauss3,e_memory_by_cells,\Verb{nonconst_coeff},overall,140,140,140,2744000,64,4065.3033,1.7554,4065.3033,1.7554,11787.8427,5.2646,16.2829,2.1845,8.6351,2034.3485,0.8845
gauss3,e_memory_by_cells,\Verb{nonconst_coeff},apply,160,160,160,4096000,64,239998.0619,0.2533,239998.0619,0.2533,216950.6516,0.2490,4.3988,1.3139,7.2983,64982.3545,0.0841
gauss3,e_memory_by_cells,\Verb{nonconst_coeff},overall,160,160,160,4096000,64,4511.3632,1.9691,4511.3632,1.9691,12907.6767,5.7369,12.1040,2.2283,7.9798,1831.0533,0.8364
gauss3,e_memory_by_cells,\Verb{nonconst_coeff},apply,180,180,180,5832000,64,250882.9167,0.3560,250882.9167,0.3560,313048.6849,0.3438,4.5356,0.9229,4.9857,76501.1430,0.0840
gauss3,e_memory_by_cells,\Verb{nonconst_coeff},overall,180,180,180,5832000,64,4643.9852,2.0127,4643.9852,2.0127,14915.9176,6.3438,13.3264,1.9665,8.4205,2022.2833,0.8779
gauss3,e_memory_by_cells,\Verb{nonconst_coeff},apply,200,200,200,8000000,64,351431.5550,0.4732,351431.5550,0.4732,347116.3936,0.4679,4.6802,0.7040,3.7041,50265.9617,0.1092
gauss3,e_memory_by_cells,\Verb{nonconst_coeff},overall,200,200,200,8000000,64,6231.9480,2.7352,6231.9480,2.7352,15233.9136,6.5323,11.9670,1.7519,7.6937,2066.4898,0.9194
gauss3,e_memory_by_cells,\Verb{nonconst_coeff},apply,220,220,220,10648000,64,262921.1311,0.6656,262921.1311,0.6656,175572.5757,0.5432,3.5781,1.0725,7.1754,67905.6632,0.2617
gauss3,e_memory_by_cells,\Verb{nonconst_coeff},overall,220,220,220,10648000,64,5498.6931,2.4260,5498.6931,2.4260,14387.2096,6.2010,8.2204,1.9151,9.5227,3038.1517,1.3203
gauss3,e_memory_by_cells,\Verb{nonconst_coeff},apply,240,240,240,13824000,64,306785.0051,1.0623,306785.0051,1.0623,240106.4301,0.7415,4.1358,1.4295,8.5913,126027.8139,0.4762
gauss3,e_memory_by_cells,\Verb{nonconst_coeff},overall,240,240,240,13824000,64,6480.0037,2.8422,6480.0037,2.8422,13659.9068,6.1422,9.3831,2.1611,10.1867,3833.2536,1.7034
gauss3,e_memory_by_cells,\Verb{nonconst_coeff},apply,260,260,260,17576000,64,314762.5956,1.2715,314762.5956,1.2715,256429.8305,1.0197,4.9380,2.3816,12.0457,184194.1936,0.6072
gauss3,e_memory_by_cells,\Verb{nonconst_coeff},overall,260,260,260,17576000,64,7673.0902,3.4094,7673.0902,3.4094,14431.3006,6.5269,9.2671,2.9981,12.0528,5412.2312,2.3961
gauss3,e_memory_by_cells,\Verb{nonconst_coeff},apply,280,280,280,21952000,64,247037.0989,1.3350,247037.0989,1.3350,204284.3392,1.2849,4.8297,2.9969,15.5096,186879.3886,1.1736
gauss3,e_memory_by_cells,\Verb{nonconst_coeff},overall,280,280,280,21952000,64,7937.9414,3.4893,7937.9414,3.4893,18504.9338,7.8746,7.8259,2.9047,14.4460,6837.7660,3.0745
gauss3,e_memory_by_cells,\Verb{nonconst_coeff},apply,300,300,300,27000000,64,244150.9777,1.8354,244150.9777,1.8354,201888.2244,1.5515,4.6706,3.2385,17.1817,192422.6972,1.6390
gauss3,e_memory_by_cells,\Verb{nonconst_coeff},overall,300,300,300,27000000,64,8562.6006,3.9027,8562.6006,3.9027,18633.0059,8.4277,7.9592,3.6095,16.2933,8937.5554,4.0613
gauss3,e_memory_by_cells,\Verb{nonconst_coeff},apply,320,320,320,32768000,64,228105.8843,2.1852,228105.8843,2.1852,201747.3634,1.8900,5.0418,4.3975,21.8033,227666.7818,2.1376
gauss3,e_memory_by_cells,\Verb{nonconst_coeff},overall,320,320,320,32768000,64,10116.4109,4.5763,10116.4109,4.5763,18245.4835,8.4177,7.4866,3.9224,17.9955,10879.6064,4.9565
gauss3,e_memory_by_cells,\Verb{nonconst_coeff},apply,340,340,340,39304000,64,205267.5042,2.5985,205267.5042,2.5985,179598.0385,2.2631,4.9145,4.5707,23.2473,209409.8847,2.6491
gauss3,e_memory_by_cells,\Verb{nonconst_coeff},overall,340,340,340,39304000,64,11099.8377,5.0692,11099.8377,5.0692,21038.2961,9.6828,6.5084,3.9420,17.9970,13339.7026,6.1725
gauss3,e_memory_by_cells,\Verb{nonconst_coeff},apply,360,360,360,46656000,64,184840.2314,2.7808,184840.2314,2.7808,195580.7064,2.9232,5.1783,4.0650,19.6152,200892.9578,2.9198
gauss3,e_memory_by_cells,\Verb{nonconst_coeff},overall,360,360,360,46656000,64,11368.6843,5.3243,11368.6843,5.3243,23270.3639,10.5700,6.9690,3.8898,17.2088,14644.9662,6.7659
gauss3,e_memory_by_cells,\Verb{nonconst_coeff},apply,380,380,380,54872000,64,199435.9002,3.3921,199435.9002,3.3921,185549.2003,3.1469,4.9780,4.8568,24.3905,220460.6107,3.7401
gauss3,e_memory_by_cells,\Verb{nonconst_coeff},overall,380,380,380,54872000,64,12906.1960,6.0515,12906.1960,6.0515,24498.7332,11.2662,6.8362,4.4159,19.4526,17490.1117,8.3712
gauss3,e_memory_by_cells,\Verb{nonconst_coeff},apply,400,400,400,64000000,64,233124.4938,4.7009,233124.4938,4.7009,181046.9809,3.6682,4.9428,4.8110,24.3324,213777.8169,4.2904
gauss3,e_memory_by_cells,\Verb{nonconst_coeff},overall,400,400,400,64000000,64,17013.5614,7.8434,17013.5614,7.8434,23319.0477,11.3005,6.5463,4.4239,19.7829,20206.5260,9.6012
gauss3,e_memory_by_cells,\Verb{nonconst_coeff},apply,420,420,420,74088000,64,210133.1823,5.3891,210133.1823,5.3891,179241.8088,4.6170,5.1668,4.6315,22.4098,193034.4918,4.9417
gauss3,e_memory_by_cells,\Verb{nonconst_coeff},overall,420,420,420,74088000,64,18175.4470,8.6338,18175.4470,8.6338,27945.1415,13.4541,6.3280,4.2478,18.9108,23166.4227,11.1527
gauss3,e_memory_by_cells,\Verb{nonconst_coeff},apply,440,440,440,85184000,64,209493.2022,5.4331,209493.2022,5.4331,186606.0261,4.8659,4.9427,4.8257,24.4081,216577.9118,5.6592
gauss3,e_memory_by_cells,\Verb{nonconst_coeff},overall,440,440,440,85184000,64,18424.6155,8.9774,18424.6155,8.9774,29613.1973,14.4868,6.2707,4.5186,20.0475,25717.1734,12.6708
gauss3,e_memory_by_cells,\Verb{nonconst_coeff},apply,460,460,460,97336000,64,240123.0066,7.2467,240123.0066,7.2467,184718.1095,5.5809,4.9477,4.8347,24.4295,213553.8507,6.4632
gauss3,e_memory_by_cells,\Verb{nonconst_coeff},overall,460,460,460,97336000,64,23145.6048,11.3139,23145.6048,11.3139,31463.5226,15.7242,6.2066,4.5557,20.0908,28884.4854,14.4212
gauss3,e_memory_by_cells,\Verb{nonconst_coeff},apply,480,480,480,110592000,64,257558.6906,9.8329,257558.6906,9.8329,165499.8043,6.3088,4.7729,4.6790,24.5082,191621.6967,7.3161
gauss3,e_memory_by_cells,\Verb{nonconst_coeff},overall,480,480,480,110592000,64,27622.6853,14.0911,27622.6853,14.0911,32622.5150,16.6763,6.0592,4.5626,20.1454,32379.1254,16.3413
gauss3,e_memory_by_cells,\Verb{nonconst_coeff},apply,500,500,500,125000000,64,236922.2310,9.1212,236922.2310,9.1212,185831.9191,7.1458,4.9364,4.8382,24.5026,213909.2327,8.2276
gauss3,e_memory_by_cells,\Verb{nonconst_coeff},overall,500,500,500,125000000,64,22735.9586,13.4575,22735.9586,13.4575,30719.4513,18.4713,5.5719,4.5163,20.3994,31573.5652,18.4721
gauss3,e_memory_by_cells,\Verb{nonconst_coeff},apply,520,520,520,140608000,64,284960.4205,12.2983,284960.4205,12.2983,189884.1373,8.2016,5.0398,4.8465,24.0412,214312.6082,9.2434
gauss3,e_memory_by_cells,\Verb{nonconst_coeff},overall,520,520,520,140608000,64,32753.0443,17.0775,32753.0443,17.0775,33128.5205,20.2903,5.6202,4.5485,20.2898,33792.9498,20.6570
gauss3,e_memory_by_cells,\Verb{nonconst_coeff},apply,540,540,540,157464000,64,279118.6450,14.0908,279118.6450,14.0908,180960.6107,9.0708,4.9169,4.7878,24.3437,203796.8475,10.3304
gauss3,e_memory_by_cells,\Verb{nonconst_coeff},overall,540,540,540,157464000,64,32396.8737,20.0971,32396.8737,20.0971,36533.0771,21.9489,5.4093,4.6726,21.1206,38781.9111,23.2831
gauss3,e_memory_by_cells,\Verb{nonconst_coeff},apply,560,560,560,175616000,64,288842.2909,15.6257,288842.2909,15.6257,185891.2704,10.0711,4.9539,4.8430,24.4405,211838.5636,11.4860
gauss3,e_memory_by_cells,\Verb{nonconst_coeff},overall,560,560,560,175616000,64,35372.9860,21.2852,35372.9860,21.2852,41765.4572,25.6944,5.4659,4.6978,21.1232,42945.3641,25.8487
gauss3,e_memory_by_cells,\Verb{nonconst_coeff},apply,580,580,580,195112000,64,312304.0097,17.9355,312304.0097,17.9355,216128.2584,12.3852,5.5619,4.9156,22.0949,221844.8437,12.7480
gauss3,e_memory_by_cells,\Verb{nonconst_coeff},overall,580,580,580,195112000,64,44483.4271,24.3261,44483.4271,24.3261,47539.3949,25.8653,5.7923,4.7762,20.1059,52340.2432,28.4530
gauss3,e_memory_by_cells,\Verb{nonconst_coeff},apply,600,600,600,216000000,64,297789.5118,19.2865,297789.5118,19.2865,189356.1068,12.3022,4.9661,4.8912,24.6231,217512.6626,14.0629
gauss3,e_memory_by_cells,\Verb{nonconst_coeff},overall,600,600,600,216000000,64,45682.2534,26.0214,45682.2534,26.0214,50143.3678,28.4485,5.5469,4.8594,21.4666,55702.2963,31.7512
gauss3,e_memory_by_cells,\Verb{nonconst_coeff},apply,620,620,620,238328000,64,289781.6887,21.2892,289781.6887,21.2892,184249.6861,13.5603,4.9234,4.8526,24.6406,210963.1241,15.5069
gauss3,e_memory_by_cells,\Verb{nonconst_coeff},overall,620,620,620,238328000,64,49009.6535,28.2722,49009.6535,28.2722,49797.6783,29.0660,5.4768,4.8334,21.5721,59460.2680,34.8176
gauss3,e_memory_by_cells,\Verb{nonconst_coeff},apply,640,640,640,262144000,64,320654.5635,24.0052,320654.5635,24.0052,205868.4704,15.3793,5.1919,4.9662,23.9131,227894.2088,16.9317
gauss3,e_memory_by_cells,\Verb{nonconst_coeff},overall,640,640,640,262144000,64,47979.2661,32.1014,47979.2661,32.1014,50577.2323,33.3035,5.7089,4.8965,21.0060,58012.9413,37.8153
gauss3,e_memory_by_cells,\Verb{nonconst_coeff},apply,660,660,660,287496000,64,303903.7597,25.7178,303903.7597,25.7178,193932.5185,16.4177,5.0041,4.9142,24.5509,220715.7012,18.6492
gauss3,e_memory_by_cells,\Verb{nonconst_coeff},overall,660,660,660,287496000,64,54173.2039,34.0950,54173.2039,34.0950,59004.2985,35.9197,5.6575,4.9230,21.3823,68993.6815,41.9701
gauss3,e_memory_by_cells,\Verb{nonconst_coeff},apply,680,680,680,314432000,64,290028.6360,28.2662,290028.6360,28.2662,184623.9950,17.9272,4.9570,4.8808,24.6157,209849.0480,20.3933
gauss3,e_memory_by_cells,\Verb{nonconst_coeff},overall,680,680,680,314432000,64,58420.5553,37.6470,58420.5553,37.6470,59833.0615,38.7383,5.3040,4.6366,21.0597,70289.1258,45.6216
gauss3,e_memory_by_cells,\Verb{nonconst_coeff},apply,700,700,700,343000000,64,317203.7016,31.3322,317203.7016,31.3322,198156.6399,19.5867,5.0326,4.9428,24.5541,225182.0262,22.1836
gauss3,e_memory_by_cells,\Verb{nonconst_coeff},overall,700,700,700,343000000,64,61807.2682,40.9027,61807.2682,40.9027,61780.5395,40.9059,5.8635,4.9696,21.3018,75739.7762,50.0147
gauss3,e_memory_by_cells,\Verb{nonconst_coeff},apply,720,720,720,373248000,64,306444.5553,33.8053,306444.5553,33.8053,194007.9394,21.3992,5.0258,4.9172,24.4599,218781.7264,24.1387
gauss3,e_memory_by_cells,\Verb{nonconst_coeff},overall,720,720,720,373248000,64,64459.4557,44.2181,64459.4557,44.2181,66808.3127,45.2203,5.8881,4.9514,21.0587,78255.6098,53.8683
gauss3,e_memory_by_cells,\Verb{nonconst_coeff},apply,740,740,740,405224000,64,288579.3287,36.6344,288579.3287,36.6344,181731.8506,23.0687,4.9743,4.9006,24.6295,205922.6288,26.2044
gauss3,e_memory_by_cells,\Verb{nonconst_coeff},overall,740,740,740,405224000,64,66914.0521,47.9475,66914.0521,47.9475,67871.4671,48.4418,5.7263,4.9551,21.3918,83303.6859,58.7958
gauss3,e_memory_by_cells,\Verb{nonconst_coeff},apply,760,760,760,438976000,64,306988.9301,39.0326,306988.9301,39.0326,198910.6745,25.3170,5.0795,4.9438,24.3321,223110.9460,28.3555
gauss3,e_memory_by_cells,\Verb{nonconst_coeff},overall,760,760,760,438976000,64,65140.4422,51.0826,65140.4422,51.0826,68164.0609,53.8991,5.7508,4.9823,21.4033,80311.1857,63.5545
gauss3,e_memory_by_cells,\Verb{nonconst_coeff},apply,780,780,780,474552000,64,302826.2412,42.2433,302826.2412,42.2433,193064.5605,26.9702,4.9817,4.9163,24.6717,219241.8963,30.6239
gauss3,e_memory_by_cells,\Verb{nonconst_coeff},overall,780,780,780,474552000,64,75297.8033,55.3100,75297.8033,55.3100,76144.7103,55.9707,5.6884,4.9786,21.5852,92809.6788,68.3449
gauss3,e_memory_by_cells,\Verb{nonconst_coeff},apply,800,800,800,512000000,64,292464.7115,46.8941,292464.7115,46.8941,184041.1217,29.5829,5.0677,4.9188,24.2656,205190.4459,33.0232
gauss3,e_memory_by_cells,\Verb{nonconst_coeff},overall,800,800,800,512000000,64,71350.7524,60.4703,71350.7524,60.4703,72483.7143,61.5185,5.7635,4.9736,21.3435,86613.9749,73.2345
gauss3,e_memory_by_cells,\Verb{nonconst_coeff},apply,820,820,820,551368000,64,302601.2079,48.9128,302601.2079,48.9128,194582.6725,31.4389,5.0138,4.9332,24.6009,220317.7107,35.5784
gauss3,e_memory_by_cells,\Verb{nonconst_coeff},overall,820,820,820,551368000,64,80955.7959,63.7007,80955.7959,63.7007,81139.9578,64.0465,5.7077,5.0168,21.7030,86826.4738,80.1330
gauss3,e_memory_by_cells,\Verb{nonconst_coeff},apply,840,840,840,592704000,64,306141.9876,53.6939,306141.9876,53.6939,198205.6946,34.6923,5.1449,4.9302,23.9568,217997.9990,38.2328
gauss3,e_memory_by_cells,\Verb{nonconst_coeff},overall,840,840,840,592704000,64,84083.7226,69.5668,84083.7226,69.5668,82636.0617,69.1275,5.8434,5.0603,21.4359,102913.2215,86.0324
gauss3,e_memory_by_cells,\Verb{nonconst_coeff},apply,860,860,860,636056000,64,297638.4090,57.0954,297638.4090,57.0954,192093.8236,36.8275,5.0898,4.9304,24.2168,213868.2562,40.9887
gauss3,e_memory_by_cells,\Verb{nonconst_coeff},overall,860,860,860,636056000,64,86388.9354,74.0545,86388.9354,74.0545,84762.0103,73.4657,5.8084,5.0224,21.4166,105732.0177,91.3305
gauss3,e_memory_by_cells,\Verb{nonconst_coeff},apply,880,880,880,681472000,64,301379.7937,60.7681,301379.7937,60.7681,207784.0922,41.8371,5.4050,4.9363,22.8324,217680.1360,43.9320
gauss3,e_memory_by_cells,\Verb{nonconst_coeff},overall,880,880,880,681472000,64,89023.5803,78.7288,89023.5803,78.7288,91151.8657,80.6110,6.0513,5.0099,20.6216,109240.2139,97.1757
gauss3,e_memory_by_cells,\Verb{nonconst_coeff},apply,900,900,900,729000000,64,325016.0330,68.3197,325016.0330,68.3197,197017.5140,41.4559,5.0097,4.9416,24.6599,223355.3570,46.9609
gauss3,e_memory_by_cells,\Verb{nonconst_coeff},overall,900,900,900,729000000,64,95957.3574,88.8649,95957.3574,88.8649,89873.7126,82.6202,5.8209,5.0991,21.7562,115507.3658,106.0110
gauss3,e_memory_by_cells,\Verb{nonconst_coeff},apply,920,920,920,778688000,64,307487.9427,69.3508,307487.9427,69.3508,212616.8813,47.9938,5.4464,4.9585,22.7608,221660.2248,50.1265
gauss3,e_memory_by_cells,\Verb{nonconst_coeff},overall,920,920,920,778688000,64,87499.9780,89.7532,87499.9780,89.7532,89154.8268,93.2379,6.0349,5.0595,20.8049,109020.2463,112.6379
gauss3,e_memory_by_cells,\Verb{nonconst_coeff},apply,940,940,940,830584000,64,300103.3634,74.1763,300103.3634,74.1763,193842.3648,47.8315,5.0796,4.9462,24.3434,216515.5841,53.4583
gauss3,e_memory_by_cells,\Verb{nonconst_coeff},overall,940,940,940,830584000,64,96400.9903,95.8312,96400.9903,95.8312,94698.7275,94.3273,5.8230,5.0706,21.5977,121025.4399,119.2628
gauss3,e_memory_by_cells,\Verb{nonconst_coeff},apply,960,960,960,884736000,64,326123.1990,81.4884,326123.1990,81.4884,201073.0530,50.2498,5.0387,4.9748,24.6831,227971.0419,56.9114
gauss3,e_memory_by_cells,\Verb{nonconst_coeff},overall,960,960,960,884736000,64,104280.8331,104.4138,104280.8331,104.4138,99192.2796,99.4108,5.7810,5.0341,21.5894,124904.2105,124.8135
gauss3,e_memory_by_cells,\Verb{nonconst_coeff},apply,980,980,980,941192000,64,306753.9096,83.6084,306753.9096,83.6084,204932.2749,55.8087,5.2435,4.9619,23.6598,222463.2606,60.5739
gauss3,e_memory_by_cells,\Verb{nonconst_coeff},overall,980,980,980,941192000,64,102696.5627,107.8107,102696.5627,107.8107,101500.9141,107.1520,5.9112,5.1437,21.5840,130072.9881,136.5128
gauss3,e_memory_by_cells,\Verb{nonconst_coeff},apply,1000,1000,1000,1000000000,64,298401.2850,89.4370,298401.2850,89.4370,191595.6413,57.3656,5.0670,4.9509,24.4335,214757.7621,64.2874
gauss3,e_memory_by_cells,\Verb{nonconst_coeff},overall,1000,1000,1000,1000000000,64,106080.9594,115.8388,106080.9594,115.8388,97439.1839,113.1373,5.8219,5.0430,21.5196,121827.2864,140.9817
gauss3,e_memory_by_cells,\Verb{nonconst_coeff},apply,1020,1020,1020,1061208000,64,457552.2801,137.7093,457552.2801,137.7093,202107.8848,60.8261,5.0830,4.9728,24.4581,224933.6215,68.4228
gauss3,e_memory_by_cells,\Verb{nonconst_coeff},overall,1020,1020,1020,1061208000,64,138841.6489,164.4810,138841.6489,164.4810,101524.9562,120.7326,5.9005,5.1329,21.6196,127291.8235,152.1105
gauss3,e_memory_by_cells,\Verb{nonconst_coeff},apply,1040,1040,1040,1124864000,64,310311.7902,101.6378,310311.7902,101.6378,197581.3347,64.6309,5.0836,4.9607,24.3957,221088.2220,72.3056
gauss3,e_memory_by_cells,\Verb{nonconst_coeff},overall,1040,1040,1040,1124864000,64,104286.2142,129.9484,104286.2142,129.9484,101173.0502,126.1655,5.8327,5.1166,21.8075,129842.0145,160.9368
gauss3,e_memory_by_cells,\Verb{nonconst_coeff},apply,1060,1060,1060,1191016000,64,296149.3629,106.3718,296149.3629,106.3718,195271.3170,70.1474,5.2098,4.9622,23.8117,212737.4464,76.2635
gauss3,e_memory_by_cells,\Verb{nonconst_coeff},overall,1060,1060,1060,1191016000,64,103839.9240,136.7240,103839.9240,136.7240,103538.2362,135.1545,5.8901,5.1356,21.6849,137683.2246,171.8132
gauss3,e_memory_by_cells,\Verb{nonconst_coeff},apply,1080,1080,1080,1259712000,64,312499.1199,112.5373,312499.1199,112.5373,199007.2246,71.5836,5.0314,4.9663,24.6768,225209.1214,80.9474
gauss3,e_memory_by_cells,\Verb{nonconst_coeff},overall,1080,1080,1080,1259712000,64,115580.0841,144.1993,115580.0841,144.1993,109289.0965,138.1157,5.7882,5.1418,22.0784,142948.9127,180.2052
gauss3,e_memory_by_cells,\Verb{nonconst_coeff},apply,1100,1100,1100,1331000000,64,305609.2980,118.1590,305609.2980,118.1590,195992.4298,75.7223,5.0373,4.9671,24.6522,221224.4913,85.4892
gauss3,e_memory_by_cells,\Verb{nonconst_coeff},overall,1100,1100,1100,1331000000,64,114320.1704,151.6677,114320.1704,151.6677,110469.7660,147.2277,5.8627,5.2158,22.1373,146823.1545,193.5016
gauss3,e_memory_by_cells,\Verb{nonconst_coeff},apply,1120,1120,1120,1404928000,64,298828.3952,126.9338,298828.3952,126.9338,188655.6936,80.0680,5.0476,4.9705,24.6197,212637.7951,90.2552
gauss3,e_memory_by_cells,\Verb{nonconst_coeff},overall,1120,1120,1120,1404928000,64,119256.8568,163.3739,119256.8568,163.3739,112656.4722,153.9187,5.7929,5.1404,22.0757,145581.6408,200.5623
gauss3,e_memory_by_cells,\Verb{nonconst_coeff},apply,1140,1140,1140,1481544000,64,308541.4576,131.8307,308541.4576,131.8307,197544.5682,84.4875,5.0520,4.9677,24.5826,222573.1160,95.1474
gauss3,e_memory_by_cells,\Verb{nonconst_coeff},overall,1140,1140,1140,1481544000,64,120748.7372,168.9445,120748.7372,168.9445,116047.8112,162.6170,5.8335,5.1652,22.0337,150498.2549,211.7880
gauss3,e_memory_by_cells,\Verb{nonconst_coeff},apply,1160,1160,1160,1560896000,64,316155.4544,143.6868,316155.4544,143.6868,198276.9464,90.0409,5.1118,4.9694,24.3035,220481.1531,100.3279
gauss3,e_memory_by_cells,\Verb{nonconst_coeff},overall,1160,1160,1160,1560896000,64,128040.6410,183.7976,128040.6410,183.7976,119010.4985,172.5625,5.8800,5.0917,21.5588,151186.0294,218.7132
gauss3,e_memory_by_cells,\Verb{nonconst_coeff},apply,1180,1180,1180,1643032000,64,303063.0884,146.8423,303063.0884,146.8423,197320.5746,95.6972,5.1619,4.9726,24.0885,217630.9463,105.5135
gauss3,e_memory_by_cells,\Verb{nonconst_coeff},overall,1180,1180,1180,1643032000,64,121028.8463,187.5546,121028.8463,187.5546,116924.8292,181.3662,5.9234,5.2261,21.9879,154982.6046,238.2942
gauss3,e_memory_by_cells,\Verb{nonconst_coeff},apply,1200,1200,1200,1728000000,64,307380.5001,154.2037,307380.5001,154.2037,197215.6781,99.0686,5.0828,4.9724,24.4572,221372.6494,111.0625
gauss3,e_memory_by_cells,\Verb{nonconst_coeff},overall,1200,1200,1200,1728000000,64,124848.4959,197.3785,124848.4959,197.3785,118979.3589,188.6709,5.8331,5.1706,22.0921,156078.5838,248.2548
gauss3,e_memory_by_cells,\Verb{nonconst_coeff},apply,1220,1220,1220,1815848000,64,317303.8207,165.6110,317303.8207,165.6110,199190.3541,103.8888,5.0729,4.9723,24.5041,223506.9170,116.6376
gauss3,e_memory_by_cells,\Verb{nonconst_coeff},overall,1220,1220,1220,1815848000,64,130653.7130,210.6444,130653.7130,210.6444,121926.6784,197.0980,5.8550,5.1800,22.0608,159767.6972,258.5767
gauss3,e_memory_by_cells,\Verb{nonconst_coeff},apply,1240,1240,1240,1906624000,64,309625.3342,169.9615,309625.3342,169.9615,209915.9236,115.3295,5.3684,4.9773,23.1784,223030.5699,122.4814
gauss3,e_memory_by_cells,\Verb{nonconst_coeff},overall,1240,1240,1240,1906624000,64,128005.9856,217.6869,128005.9856,217.6869,125062.3126,213.0376,6.0500,5.2491,21.6449,163074.2582,275.6570
gauss3,e_memory_by_cells,\Verb{nonconst_coeff},apply,1260,1260,1260,2000376000,64,304183.6596,177.9542,304183.6596,177.9542,196706.0178,114.9406,5.0972,4.9780,24.4158,219841.5395,128.4046
gauss3,e_memory_by_cells,\Verb{nonconst_coeff},overall,1260,1260,1260,2000376000,64,129574.9027,228.1414,129574.9027,228.1414,123804.6882,217.3339,5.8818,5.2215,22.1418,162275.3269,286.7641
gauss3,e_memory_by_cells,\Verb{nonconst_coeff},apply,1280,1280,1280,2097152000,64,356070.4166,211.3102,356070.4166,211.3102,229253.1842,136.0154,5.7639,4.9860,21.6259,226805.7702,134.6797
gauss3,e_memory_by_cells,\Verb{nonconst_coeff},overall,1280,1280,1280,2097152000,64,145436.4374,264.0550,145436.4374,264.0550,134187.3116,242.5683,6.2756,5.2194,20.7536,166247.9895,300.4623
gauss3,e_memory_by_cells,\Verb{nonconst_coeff},apply,1300,1300,1300,2197000000,64,308469.2814,194.8528,308469.2814,194.8528,199507.6930,126.0300,5.0919,4.9772,24.4370,223200.4193,141.0728
gauss3,e_memory_by_cells,\Verb{nonconst_coeff},overall,1300,1300,1300,2197000000,64,134505.8935,249.4858,134505.8935,249.4858,125193.9148,237.8935,5.8893,5.2517,22.2686,164757.8703,317.3668
gauss3,e_memory_by_cells,\Verb{nonconst_coeff},apply,1320,1320,1320,2299968000,64,303771.0680,205.7507,303771.0680,205.7507,202959.0267,137.3631,5.3011,4.9771,23.4718,217848.9952,147.6277
gauss3,e_memory_by_cells,\Verb{nonconst_coeff},overall,1320,1320,1320,2299968000,64,133361.5100,263.0281,133361.5100,263.0281,129633.7865,255.0297,6.0325,5.2560,21.7505,168829.7158,331.3099
gauss3,e_memory_by_cells,\Verb{nonconst_coeff},apply,1340,1340,1340,2406104000,64,325867.3142,222.2057,325867.3142,222.2057,205508.1528,140.2236,5.1764,4.9807,24.0552,226283.3960,154.4294
gauss3,e_memory_by_cells,\Verb{nonconst_coeff},overall,1340,1340,1340,2406104000,64,140628.0297,282.4391,140628.0297,282.4391,130427.0002,263.7607,5.9559,5.2073,21.8290,171277.0288,342.7108
gauss3,e_memory_by_cells,\Verb{nonconst_coeff},apply,1360,1360,1360,2515456000,64,310847.1718,225.3085,310847.1718,225.3085,199304.6084,144.4728,5.1001,4.9808,24.4152,222761.7568,161.4550
gauss3,e_memory_by_cells,\Verb{nonconst_coeff},overall,1360,1360,1360,2515456000,64,138311.8369,287.4494,138311.8369,287.4494,130082.1238,272.5706,5.8941,5.2253,22.1353,173292.9524,359.6760
gauss3,e_memory_by_cells,\Verb{nonconst_coeff},apply,1380,1380,1380,2628072000,64,303373.5370,236.2665,303373.5370,236.2665,208120.0432,162.0764,5.4771,4.9820,22.7401,216711.8527,168.7248
gauss3,e_memory_by_cells,\Verb{nonconst_coeff},overall,1380,1380,1380,2628072000,64,137848.0370,300.7303,137848.0370,300.7303,136011.3723,295.0763,6.1429,5.2092,21.1831,170452.3635,372.2167
gauss3,e_memory_by_cells,\Verb{nonconst_coeff},apply,1400,1400,1400,2744000000,64,312138.2930,243.6945,312138.2930,243.6945,207002.3248,161.5554,5.2287,4.9831,23.8255,225707.2935,176.1702
gauss3,e_memory_by_cells,\Verb{nonconst_coeff},overall,1400,1400,1400,2744000000,64,139604.4797,311.4724,139604.4797,311.4724,133969.3371,302.7876,6.0420,5.3041,21.9303,176571.1779,397.7727
gauss3,e_memory_by_cells,\Verb{nonconst_coeff},apply,1420,1420,1420,2863288000,64,308471.2787,255.4159,308471.2787,255.4159,198033.4125,164.0905,5.0915,4.9839,24.4724,221995.8015,183.7918
gauss3,e_memory_by_cells,\Verb{nonconst_coeff},overall,1420,1420,1420,2863288000,64,139738.5038,325.5931,139738.5038,325.5931,132324.1884,308.3851,5.9052,5.2689,22.2892,176091.6217,410.5008
gauss3,e_memory_by_cells,\Verb{nonconst_coeff},apply,1440,1440,1440,2985984000,64,304391.5261,271.3581,304391.5261,271.3581,194860.7906,173.7013,5.1591,4.9769,24.1170,214789.6976,191.6322
gauss3,e_memory_by_cells,\Verb{nonconst_coeff},overall,1440,1440,1440,2985984000,64,143471.9143,345.0590,143471.9143,345.0590,134486.1966,324.4693,5.9628,5.1884,21.7380,174506.2877,419.3225
gauss3,e_memory_by_cells,\Verb{nonconst_coeff},apply,1460,1460,1460,3112136000,64,308890.0646,275.8683,308890.0646,275.8683,201131.1291,179.6612,5.1269,4.9822,24.2951,223546.8071,199.7542
gauss3,e_memory_by_cells,\Verb{nonconst_coeff},overall,1460,1460,1460,3112136000,64,141160.0488,352.8729,141160.0488,352.8729,135737.7564,339.5520,5.9821,5.3171,22.1892,179896.6866,450.8764
gauss3,e_memory_by_cells,\Verb{nonconst_coeff},apply,1480,1480,1480,3241792000,64,308861.9531,289.1115,308861.9531,289.1115,197266.3700,184.5267,5.0590,4.9855,24.6378,222423.4915,208.0527
gauss3,e_memory_by_cells,\Verb{nonconst_coeff},overall,1480,1480,1480,3241792000,64,143657.2698,369.7018,143657.2698,369.7018,136965.9295,350.4960,5.9250,5.2627,22.1763,180253.8043,462.8352
gauss3,e_memory_by_cells,\Verb{nonconst_coeff},apply,1500,1500,1500,3375000000,64,305870.9015,301.5388,305870.9015,301.5388,209514.3732,206.2008,5.4300,4.9849,22.9518,219727.2687,216.6146
gauss3,e_memory_by_cells,\Verb{nonconst_coeff},overall,1500,1500,1500,3375000000,64,144711.2213,384.8448,144711.2213,384.8448,141556.7886,377.0990,6.1488,5.2618,21.3778,179750.5616,480.7674
gauss3,e_memory_by_cells,\Verb{nonconst_coeff},apply,1520,1520,1520,3511808000,64,315186.5689,320.7871,315186.5689,320.7871,204995.6082,208.7986,5.2856,4.9874,23.5908,221113.9035,225.3789
gauss3,e_memory_by_cells,\Verb{nonconst_coeff},overall,1520,1520,1520,3511808000,64,146865.8659,406.3691,146865.8659,406.3691,139228.0040,384.2250,6.0305,5.2982,21.9533,183218.5088,504.4128
gauss3,e_memory_by_cells,\Verb{nonconst_coeff},apply,1540,1540,1540,3652264000,64,457661.2426,480.9783,457661.2426,480.9783,197607.9219,207.6369,5.0541,4.9858,24.6620,223184.0324,234.2772
gauss3,e_memory_by_cells,\Verb{nonconst_coeff},overall,1540,1540,1540,3652264000,64,199606.2816,570.3210,199606.2816,570.3210,137802.6714,391.3646,5.9085,5.3106,22.4560,183997.8743,525.6099
gauss3,e_memory_by_cells,\Verb{nonconst_coeff},apply,1560,1560,1560,3796416000,64,313324.4267,340.3032,313324.4267,340.3032,199125.4462,216.3857,5.0678,4.9867,24.6002,224280.1239,243.5306
gauss3,e_memory_by_cells,\Verb{nonconst_coeff},overall,1560,1560,1560,3796416000,64,150202.6715,433.7217,150202.6715,433.7217,141007.3159,408.2520,5.9302,5.2259,22.0194,184670.7874,534.3045
gauss3,e_memory_by_cells,\Verb{nonconst_coeff},apply,1580,1580,1580,3944312000,64,306489.3457,350.5069,306489.3457,350.5069,199677.2206,228.5870,5.1539,4.9885,24.2010,221210.1142,253.1027
gauss3,e_memory_by_cells,\Verb{nonconst_coeff},overall,1580,1580,1580,3944312000,64,147444.1941,447.0017,147444.1941,447.0017,139990.6852,425.8864,5.9548,5.2831,22.1668,185645.2883,563.7752
gauss3,e_memory_by_cells,\Verb{nonconst_coeff},apply,1600,1600,1600,4096000000,64,322372.8335,373.6347,322372.8335,373.6347,201156.7327,233.1383,5.0628,4.9890,24.6362,226775.1845,262.6347
gauss3,e_memory_by_cells,\Verb{nonconst_coeff},overall,1600,1600,1600,4096000000,64,151850.1445,472.5293,151850.1445,472.5293,140598.8348,437.2696,5.9029,5.2891,22.3920,188407.8882,584.7558

gauss3,e_memory_by_cells,\Verb{nonconst_coeff_precalc          },apply,100,100,100,1000000,64,136127.6659,0.0894,136127.6659,0.0894,146267.1499,0.0913,11.7797,5.6006,10.6578,68394.6938,0.0483
gauss3,e_memory_by_cells,\Verb{nonconst_coeff_precalc          },overall,100,100,100,1000000,64,4668.6487,2.0079,4668.6487,2.0079,13918.4972,6.0822,15.4837,2.7318,10.8508,2262.6115,0.9966
gauss3,e_memory_by_cells,\Verb{nonconst_coeff_precalc          },apply,120,120,120,1728000,64,155698.4751,0.1502,155698.4751,0.1502,183066.3806,0.1414,10.4142,3.1681,6.8736,53822.5132,0.0534
gauss3,e_memory_by_cells,\Verb{nonconst_coeff_precalc          },overall,120,120,120,1728000,64,5699.8535,2.4920,5699.8535,2.4920,14520.1036,6.3588,13.8504,2.5196,10.5359,2070.3514,0.8991
gauss3,e_memory_by_cells,\Verb{nonconst_coeff_precalc          },apply,140,140,140,2744000,64,111736.2001,0.2220,111736.2001,0.2220,111434.5323,0.2143,8.1137,3.4020,9.2517,42816.4185,0.1345
gauss3,e_memory_by_cells,\Verb{nonconst_coeff_precalc          },overall,140,140,140,2744000,64,4907.4145,2.1842,4907.4145,2.1842,11966.7313,5.2350,8.3194,2.9205,10.6088,2991.3022,1.3334
gauss3,e_memory_by_cells,\Verb{nonconst_coeff_precalc          },apply,160,160,160,4096000,64,120122.0592,0.3756,120122.0592,0.3756,105537.1996,0.3207,10.1193,5.3886,12.0209,71822.4739,0.2504
gauss3,e_memory_by_cells,\Verb{nonconst_coeff_precalc          },overall,160,160,160,4096000,64,5001.3940,2.2611,5001.3940,2.2611,13073.8043,5.9566,8.0694,2.7465,11.1278,4065.1709,1.8625
gauss3,e_memory_by_cells,\Verb{nonconst_coeff_precalc          },apply,180,180,180,5832000,64,286118.9234,0.4764,286118.9234,0.4764,274517.0636,0.4532,17.4595,8.1030,11.2676,180496.9201,0.2877
gauss3,e_memory_by_cells,\Verb{nonconst_coeff_precalc          },overall,180,180,180,5832000,64,5859.7349,2.6533,5859.7349,2.6533,16078.6060,7.1571,9.2667,2.7759,10.5547,4299.9168,1.8994
gauss3,e_memory_by_cells,\Verb{nonconst_coeff_precalc          },apply,200,200,200,8000000,64,247682.0063,0.6238,247682.0063,0.6238,243599.0772,0.6074,17.0384,9.1507,13.3197,192468.6490,0.4849
gauss3,e_memory_by_cells,\Verb{nonconst_coeff_precalc          },overall,200,200,200,8000000,64,7515.2646,3.3309,7515.2646,3.3309,18205.3910,8.1751,9.9312,3.2148,12.0376,6121.1265,2.8178
gauss3,e_memory_by_cells,\Verb{nonconst_coeff_precalc          },apply,220,220,220,10648000,64,213615.0973,0.8658,213615.0973,0.8658,209328.9700,0.8240,16.6854,10.9237,16.2693,176206.0245,0.7169
gauss3,e_memory_by_cells,\Verb{nonconst_coeff_precalc          },overall,220,220,220,10648000,64,8477.1378,3.8512,8477.1378,3.8512,16947.3415,7.8577,8.2237,3.5430,14.8452,9290.9260,4.4611
gauss3,e_memory_by_cells,\Verb{nonconst_coeff_precalc          },apply,240,240,240,13824000,64,240543.4517,1.1703,240543.4517,1.1703,217236.6788,1.0329,17.9019,13.2411,18.3970,195885.8362,0.8780
gauss3,e_memory_by_cells,\Verb{nonconst_coeff_precalc          },overall,240,240,240,13824000,64,10206.6337,4.5877,10206.6337,4.5877,18587.4076,8.5276,7.8108,3.8715,16.1379,11512.8819,5.2291
gauss3,e_memory_by_cells,\Verb{nonconst_coeff_precalc          },apply,260,260,260,17576000,64,277170.6754,1.5305,277170.6754,1.5305,234302.2658,1.3087,20.1813,15.6219,19.3070,214807.7894,1.1733
gauss3,e_memory_by_cells,\Verb{nonconst_coeff_precalc          },overall,260,260,260,17576000,64,11469.8886,5.3978,11469.8886,5.3978,19958.8182,9.4252,7.3485,4.0489,17.3513,14191.9264,6.7552
gauss3,e_memory_by_cells,\Verb{nonconst_coeff_precalc          },apply,280,280,280,21952000,64,210700.7485,1.8134,210700.7485,1.8134,197104.4201,1.6924,18.7115,15.8975,21.2336,190794.1178,1.6428
gauss3,e_memory_by_cells,\Verb{nonconst_coeff_precalc          },overall,280,280,280,21952000,64,13669.5519,6.3407,13669.5519,6.3407,22360.0840,10.6829,6.7345,4.1501,18.2043,17802.3519,8.5354
gauss3,e_memory_by_cells,\Verb{nonconst_coeff_precalc          },apply,300,300,300,27000000,64,195771.7993,2.1809,195771.7993,2.1809,182954.3645,1.9917,16.6978,15.1160,22.5561,193505.7433,2.0702
gauss3,e_memory_by_cells,\Verb{nonconst_coeff_precalc          },overall,300,300,300,27000000,64,14850.0140,7.2727,14850.0140,7.2727,26648.9815,12.9420,6.7385,4.4910,18.1150,21629.6195,10.6809
gauss3,e_memory_by_cells,\Verb{nonconst_coeff_precalc          },apply,320,320,320,32768000,64,258978.7296,2.9907,258978.7296,2.9907,207077.1685,2.4108,21.4264,20.2834,23.6650,218290.0207,2.5152
gauss3,e_memory_by_cells,\Verb{nonconst_coeff_precalc          },overall,320,320,320,32768000,64,18271.7363,9.0057,18271.7363,9.0057,29425.7026,14.3789,6.7653,4.6711,19.3289,25571.8901,12.7620
gauss3,e_memory_by_cells,\Verb{nonconst_coeff_precalc          },apply,340,340,340,39304000,64,212098.3389,3.2057,212098.3389,3.2057,205143.2077,3.0638,21.2381,19.4106,22.8436,209071.4026,3.1560
gauss3,e_memory_by_cells,\Verb{nonconst_coeff_precalc          },overall,340,340,340,39304000,64,19604.2957,9.9892,19604.2957,9.9892,29907.6492,15.4744,6.6968,4.9562,19.4115,30497.3463,15.7508
gauss3,e_memory_by_cells,\Verb{nonconst_coeff_precalc          },apply,360,360,360,46656000,64,192140.7325,3.7607,192140.7325,3.7607,176266.0311,3.4366,17.6367,17.1318,24.2834,190605.2391,3.5334
gauss3,e_memory_by_cells,\Verb{nonconst_coeff_precalc          },overall,360,360,360,46656000,64,21281.4326,11.4765,21281.4326,11.4765,32662.0775,17.2378,6.3087,4.7924,19.6606,34697.4171,18.2368
gauss3,e_memory_by_cells,\Verb{nonconst_coeff_precalc          },apply,380,380,380,54872000,64,234981.2700,4.7477,234981.2700,4.7477,200006.6416,4.0432,21.1396,20.7132,24.4945,218746.7785,4.4287
gauss3,e_memory_by_cells,\Verb{nonconst_coeff_precalc          },overall,380,380,380,54872000,64,25300.0417,13.5627,25300.0417,13.5627,38029.8639,20.2069,6.4085,5.0449,20.6607,39973.0629,21.5111
gauss3,e_memory_by_cells,\Verb{nonconst_coeff_precalc          },apply,400,400,400,64000000,64,236073.0383,5.7188,236073.0383,5.7188,193341.6545,4.7153,20.2423,19.8143,24.4718,211261.5502,5.1387
gauss3,e_memory_by_cells,\Verb{nonconst_coeff_precalc          },overall,400,400,400,64000000,64,28712.4049,15.8552,28712.4049,15.8552,39966.6702,21.7879,6.2859,5.0642,20.9705,45663.9202,25.0491
gauss3,e_memory_by_cells,\Verb{nonconst_coeff_precalc          },apply,420,420,420,74088000,64,209376.1787,6.5292,209376.1787,6.5292,174749.4621,5.4780,17.8445,17.3967,24.3827,190908.1910,5.9629
gauss3,e_memory_by_cells,\Verb{nonconst_coeff_precalc          },overall,420,420,420,74088000,64,31677.1742,18.4208,31677.1742,18.4208,42620.3355,24.9023,6.1613,5.0019,20.8303,50163.4893,29.0935
gauss3,e_memory_by_cells,\Verb{nonconst_coeff_precalc          },apply,440,440,440,85184000,64,224753.5383,7.1267,224753.5383,7.1267,202898.4587,6.3995,21.3469,20.4975,24.0050,216248.6336,6.6965
gauss3,e_memory_by_cells,\Verb{nonconst_coeff_precalc          },overall,440,440,440,85184000,64,35173.6146,20.2959,35173.6146,20.2959,49138.9776,28.3716,6.2201,5.1381,21.0559,58027.6984,33.3976
gauss3,e_memory_by_cells,\Verb{nonconst_coeff_precalc          },apply,460,460,460,97336000,64,238122.6784,8.7519,238122.6784,8.7519,194780.8731,7.1677,20.3517,19.9087,24.4560,211736.5698,7.8275
gauss3,e_memory_by_cells,\Verb{nonconst_coeff_precalc          },overall,460,460,460,97336000,64,40282.1942,24.7002,40282.1942,24.7002,51747.8237,31.7487,5.9984,5.2013,21.4316,61716.3536,38.1201
gauss3,e_memory_by_cells,\Verb{nonconst_coeff_precalc          },apply,480,480,480,110592000,64,259322.0915,12.1138,259322.0915,12.1138,173138.2829,8.1056,18.6518,18.3588,24.6073,190015.0070,8.8904
gauss3,e_memory_by_cells,\Verb{nonconst_coeff_precalc          },overall,480,480,480,110592000,64,46306.9440,28.8930,46306.9440,28.8930,52713.0554,33.5232,5.6849,5.1297,22.0899,68128.2157,42.9168
gauss3,e_memory_by_cells,\Verb{nonconst_coeff_precalc          },apply,500,500,500,125000000,64,240869.3444,11.3017,240869.3444,11.3017,196138.8347,9.1747,20.3517,19.9765,24.5393,213889.5397,10.0104
gauss3,e_memory_by_cells,\Verb{nonconst_coeff_precalc          },overall,500,500,500,125000000,64,46910.8190,30.0593,46910.8190,30.0593,59116.4218,38.3324,5.8049,5.2106,22.0075,75202.5135,48.5483
gauss3,e_memory_by_cells,\Verb{nonconst_coeff_precalc          },apply,520,520,520,140608000,64,260880.4063,13.8832,260880.4063,13.8832,193841.0497,10.3462,20.3360,19.9312,24.5027,210797.5630,11.2939
gauss3,e_memory_by_cells,\Verb{nonconst_coeff_precalc          },overall,520,520,520,140608000,64,51820.7412,35.0991,51820.7412,35.0991,63053.7653,42.6482,5.7911,5.1371,21.7794,81461.4518,54.5054
gauss3,e_memory_by_cells,\Verb{nonconst_coeff_precalc          },apply,540,540,540,157464000,64,253624.6376,15.6177,253624.6376,15.6177,185770.3351,11.5289,19.7532,19.4549,24.6223,204412.8490,12.6452
gauss3,e_memory_by_cells,\Verb{nonconst_coeff_precalc          },overall,540,540,540,157464000,64,55163.2692,39.2015,55163.2692,39.2015,65829.1940,46.4426,5.8114,5.2386,22.1480,86541.3271,61.1131
gauss3,e_memory_by_cells,\Verb{nonconst_coeff_precalc          },apply,560,560,560,175616000,64,257839.9945,17.3228,257839.9945,17.3228,194512.4667,13.0687,20.8580,20.2181,24.2331,209800.1308,14.0885
gauss3,e_memory_by_cells,\Verb{nonconst_coeff_precalc          },overall,560,560,560,175616000,64,53723.4420,43.5879,53723.4420,43.5879,65484.5296,52.9509,5.9357,5.3331,22.1246,84267.9218,68.4228
gauss3,e_memory_by_cells,\Verb{nonconst_coeff_precalc          },apply,580,580,580,195112000,64,287346.2068,20.5408,287346.2068,20.5408,204576.9313,14.6390,21.8661,21.0176,24.0300,219080.8633,15.6581
gauss3,e_memory_by_cells,\Verb{nonconst_coeff_precalc          },overall,580,580,580,195112000,64,60137.3880,50.2157,60137.3880,50.2157,68765.8971,57.4755,5.9729,5.3370,22.0085,93862.6197,75.4607
gauss3,e_memory_by_cells,\Verb{nonconst_coeff_precalc          },apply,600,600,600,216000000,64,266579.6528,21.4197,266579.6528,21.4197,197388.4432,15.8757,21.3017,20.8953,24.5231,215753.2469,17.3329
gauss3,e_memory_by_cells,\Verb{nonconst_coeff_precalc          },overall,600,600,600,216000000,64,68075.6884,54.3394,68075.6884,54.3394,76604.1268,62.1784,5.9316,5.3696,22.3245,104209.3113,83.4938
gauss3,e_memory_by_cells,\Verb{nonconst_coeff_precalc          },apply,620,620,620,238328000,64,260540.5492,23.9276,260540.5492,23.9276,201488.1421,18.4359,21.8032,20.3383,23.3213,208947.4501,19.1336
gauss3,e_memory_by_cells,\Verb{nonconst_coeff_precalc          },overall,620,620,620,238328000,64,69030.0364,59.0722,69030.0364,59.0722,82511.7975,70.3811,6.0193,5.3484,21.9437,108726.2124,92.1037
gauss3,e_memory_by_cells,\Verb{nonconst_coeff_precalc          },apply,640,640,640,262144000,64,321210.3423,29.8485,321210.3423,29.8485,207871.9477,19.3643,22.5789,22.0530,24.4173,226164.4217,20.8640
gauss3,e_memory_by_cells,\Verb{nonconst_coeff_precalc          },overall,640,640,640,262144000,64,80192.5676,69.7399,80192.5676,69.7399,87206.1850,77.0889,5.8829,5.1949,21.7614,113002.9234,100.8213
gauss3,e_memory_by_cells,\Verb{nonconst_coeff_precalc          },apply,660,660,660,287496000,64,268800.9719,28.4164,268800.9719,28.4164,213209.2111,22.5350,22.9754,21.1442,23.0074,217544.5458,23.0671
gauss3,e_memory_by_cells,\Verb{nonconst_coeff_precalc          },overall,660,660,660,287496000,64,78013.5311,70.9940,78013.5311,70.9940,89264.3439,83.5746,6.1649,5.4109,21.7608,118314.7711,110.7542
gauss3,e_memory_by_cells,\Verb{nonconst_coeff_precalc          },apply,680,680,680,314432000,64,253705.0379,30.9179,253705.0379,30.9179,193022.7551,23.4688,21.4583,20.7385,24.1633,206977.9843,25.2053
gauss3,e_memory_by_cells,\Verb{nonconst_coeff_precalc          },overall,680,680,680,314432000,64,78985.5905,78.5016,78985.5905,78.5016,91544.8879,90.1612,6.0845,5.3934,22.0089,121523.5903,120.6682
gauss3,e_memory_by_cells,\Verb{nonconst_coeff_precalc          },apply,700,700,700,343000000,64,291440.7671,36.0036,291440.7671,36.0036,211094.8395,26.0545,22.8258,21.6789,23.7437,223118.2100,27.5057
gauss3,e_memory_by_cells,\Verb{nonconst_coeff_precalc          },overall,700,700,700,343000000,64,85375.3926,87.2953,85375.3926,87.2953,97014.7905,99.2268,6.2126,5.4508,21.8448,128656.2407,131.9485
gauss3,e_memory_by_cells,\Verb{nonconst_coeff_precalc          },apply,720,720,720,373248000,64,268590.3144,36.9834,268590.3144,36.9834,202249.6452,27.7893,21.8881,21.1895,24.2021,216892.9958,29.9384
gauss3,e_memory_by_cells,\Verb{nonconst_coeff_precalc          },overall,720,720,720,373248000,64,84859.8069,91.6970,84859.8069,91.6970,97292.2933,105.9727,6.0888,5.4288,22.1473,131122.0658,143.3784
gauss3,e_memory_by_cells,\Verb{nonconst_coeff_precalc          },apply,740,740,740,405224000,64,264318.6615,41.8127,264318.6615,41.8127,196203.1545,30.9521,22.3215,21.0816,23.6166,205391.3162,32.4862
gauss3,e_memory_by_cells,\Verb{nonconst_coeff_precalc          },overall,740,740,740,405224000,64,85615.9951,100.6464,85615.9951,100.6464,96088.6304,115.0694,6.1388,5.4464,22.0676,133049.0029,155.7089
gauss3,e_memory_by_cells,\Verb{nonconst_coeff_precalc          },apply,760,760,760,438976000,64,269638.4811,42.9420,269638.4811,42.9420,206476.2813,32.9497,22.4100,21.5296,24.0181,220988.7791,35.1892
gauss3,e_memory_by_cells,\Verb{nonconst_coeff_precalc          },overall,760,760,760,438976000,64,90222.4324,108.7665,90222.4324,108.7665,102432.2692,123.1339,6.0953,5.4504,22.2602,139759.4701,168.5784
gauss3,e_memory_by_cells,\Verb{nonconst_coeff_precalc          },apply,780,780,780,474552000,64,267256.6793,46.7692,267256.6793,46.7692,214072.9041,37.4842,23.3205,21.2782,22.8114,216786.8517,38.0614
gauss3,e_memory_by_cells,\Verb{nonconst_coeff_precalc          },overall,780,780,780,474552000,64,95292.5825,119.8152,95292.5825,119.8152,107893.7760,136.4141,6.2642,5.4700,21.7320,143754.6192,181.9817
gauss3,e_memory_by_cells,\Verb{nonconst_coeff_precalc          },apply,800,800,800,512000000,64,293858.3046,59.0668,293858.3046,59.0668,187261.7623,37.5786,21.6877,21.2904,24.5421,204333.7454,41.0675
gauss3,e_memory_by_cells,\Verb{nonconst_coeff_precalc          },overall,800,800,800,512000000,64,98321.4136,133.3278,98321.4136,133.3278,104752.6822,143.1919,6.0927,5.4432,22.2872,144863.6617,195.8925
gauss3,e_memory_by_cells,\Verb{nonconst_coeff_precalc          },apply,820,820,820,551368000,64,269320.8224,54.3779,269320.8224,54.3779,202980.0343,41.1332,22.1183,21.3860,24.1745,218694.9562,44.2008
gauss3,e_memory_by_cells,\Verb{nonconst_coeff_precalc          },overall,820,820,820,551368000,64,99335.8530,138.7724,99335.8530,138.7724,109276.1448,154.2306,6.1488,5.4960,22.2793,150050.0525,211.2676
gauss3,e_memory_by_cells,\Verb{nonconst_coeff_precalc          },apply,840,840,840,592704000,64,266915.1830,58.7207,266915.1830,58.7207,216444.3572,47.5642,23.9066,21.4905,22.4733,216496.8080,47.5804
gauss3,e_memory_by_cells,\Verb{nonconst_coeff_precalc          },overall,840,840,840,592704000,64,100087.9285,147.4124,100087.9285,147.4124,114570.9791,167.9198,6.1988,5.5043,22.0962,155513.0130,228.1400
gauss3,e_memory_by_cells,\Verb{nonconst_coeff_precalc          },apply,860,860,860,636056000,64,259690.3674,62.1877,259690.3674,62.1877,193986.2238,46.5091,21.7908,21.4874,24.6520,212737.6881,50.9943
gauss3,e_memory_by_cells,\Verb{nonconst_coeff_precalc          },overall,860,860,860,636056000,64,102519.6069,158.6381,102519.6069,158.6381,114097.9874,176.9396,6.1331,5.5032,22.3524,156303.7711,242.8440
gauss3,e_memory_by_cells,\Verb{nonconst_coeff_precalc          },apply,880,880,880,681472000,64,267674.8799,67.5102,267674.8799,67.5102,197682.2505,49.7853,21.8425,21.5547,24.6707,216575.9373,54.6674
gauss3,e_memory_by_cells,\Verb{nonconst_coeff_precalc          },overall,880,880,880,681472000,64,103257.6346,168.3991,103257.6346,168.3991,119010.2080,188.4071,6.1200,5.5269,22.4961,159193.6303,260.4515
gauss3,e_memory_by_cells,\Verb{nonconst_coeff_precalc          },apply,900,900,900,729000000,64,284760.3773,75.2980,284760.3773,75.2980,202475.6313,53.5338,22.0076,21.6203,24.5615,221293.8723,58.4255
gauss3,e_memory_by_cells,\Verb{nonconst_coeff_precalc          },overall,900,900,900,729000000,64,108450.5548,185.6991,108450.5548,185.6991,118630.5444,202.6312,6.1617,5.5830,22.6057,165125.7573,282.3426
gauss3,e_memory_by_cells,\Verb{nonconst_coeff_precalc          },apply,920,920,920,778688000,64,270570.2519,76.7170,270570.2519,76.7170,207150.3813,58.8418,22.8459,21.8132,23.8709,219819.7161,62.4224
gauss3,e_memory_by_cells,\Verb{nonconst_coeff_precalc          },overall,920,920,920,778688000,64,108684.7996,193.6872,108684.7996,193.6872,120791.4707,217.3048,6.2078,5.5446,22.2672,166604.5928,297.5590
gauss3,e_memory_by_cells,\Verb{nonconst_coeff_precalc          },apply,940,940,940,830584000,64,267497.7397,82.7707,267497.7397,82.7707,199699.3244,61.8961,22.4571,21.7406,24.2057,214717.5698,66.5802
gauss3,e_memory_by_cells,\Verb{nonconst_coeff_precalc          },overall,940,940,940,830584000,64,109153.8312,205.9473,109153.8312,205.9473,121957.9992,230.0602,6.1847,5.5663,22.4525,168553.5545,317.7359
gauss3,e_memory_by_cells,\Verb{nonconst_coeff_precalc          },apply,960,960,960,884736000,64,322162.2611,101.1467,322162.2611,101.1467,205909.6069,64.5989,22.5088,22.2282,24.6884,225880.4254,70.9067
gauss3,e_memory_by_cells,\Verb{nonconst_coeff_precalc          },overall,960,960,960,884736000,64,119174.1272,230.0456,119174.1272,230.0456,125325.0989,244.4694,6.1879,5.5486,22.3589,172109.9028,335.5238
gauss3,e_memory_by_cells,\Verb{nonconst_coeff_precalc          },apply,980,980,980,941192000,64,271582.2406,92.9275,271582.2406,92.9275,202643.3972,69.2926,22.3466,21.8882,24.4874,220298.0579,75.3802
gauss3,e_memory_by_cells,\Verb{nonconst_coeff_precalc          },overall,980,980,980,941192000,64,113106.3648,234.1058,113106.3648,234.1058,121136.8210,259.1961,6.1693,5.6006,22.6364,170185.5898,361.0378
gauss3,e_memory_by_cells,\Verb{nonconst_coeff_precalc          },apply,1000,1000,1000,1000000000,64,268142.7388,100.9580,268142.7388,100.9580,197031.3930,74.1111,22.4169,21.8152,24.3292,213119.9298,80.1776
gauss3,e_memory_by_cells,\Verb{nonconst_coeff_precalc          },overall,1000,1000,1000,1000000000,64,115165.9676,250.0729,115165.9676,250.0729,127978.9653,278.5466,6.2415,5.5572,22.2062,175206.7960,379.6321
gauss3,e_memory_by_cells,\Verb{nonconst_coeff_precalc          },apply,1020,1020,1020,1061208000,64,381259.3763,144.4165,381259.3763,144.4165,244006.6061,92.3929,26.7160,22.1372,20.7164,224782.0396,85.0781
gauss3,e_memory_by_cells,\Verb{nonconst_coeff_precalc          },overall,1020,1020,1020,1061208000,64,136110.4453,301.5451,136110.4453,301.5451,138258.4731,309.5288,6.5598,5.6062,21.3197,180400.2318,406.2487
gauss3,e_memory_by_cells,\Verb{nonconst_coeff_precalc          },apply,1040,1040,1040,1124864000,64,277301.2846,113.8878,277301.2846,113.8878,210017.7198,86.1769,23.3351,21.9650,23.5336,219492.8297,90.2016
gauss3,e_memory_by_cells,\Verb{nonconst_coeff_precalc          },overall,1040,1040,1040,1124864000,64,119301.9232,287.2483,119301.9232,287.2483,130252.2410,312.8923,6.2100,5.5698,22.3955,180107.2087,433.1008
gauss3,e_memory_by_cells,\Verb{nonconst_coeff_precalc          },apply,1060,1060,1060,1191016000,64,264889.3913,119.0141,264889.3913,119.0141,202511.8804,91.2690,23.3017,21.9469,23.5482,211623.2175,95.5443
gauss3,e_memory_by_cells,\Verb{nonconst_coeff_precalc          },overall,1060,1060,1060,1191016000,64,119459.3386,302.6341,119459.3386,302.6341,130610.3645,331.5133,6.2997,5.6140,22.2555,179282.1462,455.2090
gauss3,e_memory_by_cells,\Verb{nonconst_coeff_precalc          },apply,1080,1080,1080,1259712000,64,278442.0791,126.1466,278442.0791,126.1466,205413.7094,93.1486,22.5304,21.9776,24.3897,222764.5939,100.8672
gauss3,e_memory_by_cells,\Verb{nonconst_coeff_precalc          },overall,1080,1080,1080,1259712000,64,122293.9341,320.0620,122293.9341,320.0620,131972.5560,345.3554,6.1633,5.5779,22.5988,183645.1354,481.4156
gauss3,e_memory_by_cells,\Verb{nonconst_coeff_precalc          },apply,1100,1100,1100,1331000000,64,267515.1360,130.4985,267515.1360,130.4985,200593.4351,97.7637,22.3524,21.9424,24.5444,218926.5600,106.6918
gauss3,e_memory_by_cells,\Verb{nonconst_coeff_precalc          },overall,1100,1100,1100,1331000000,64,121970.9859,335.1029,121970.9859,335.1029,132666.1216,364.5792,6.2146,5.6490,22.7007,185553.5483,510.7154
gauss3,e_memory_by_cells,\Verb{nonconst_coeff_precalc          },apply,1120,1120,1120,1404928000,64,297240.5888,162.2660,297240.5888,162.2660,196089.8053,105.0997,22.8032,21.9933,24.1148,210472.6253,112.6078
gauss3,e_memory_by_cells,\Verb{nonconst_coeff_precalc          },overall,1120,1120,1120,1404928000,64,129106.2490,377.4634,129106.2490,377.4634,132074.0316,384.5389,6.1587,5.5669,22.5748,183928.3593,535.3555
gauss3,e_memory_by_cells,\Verb{nonconst_coeff_precalc          },apply,1140,1140,1140,1481544000,64,272344.0300,146.6124,272344.0300,146.6124,207354.7444,111.5171,22.9888,22.0287,23.9578,220538.9050,118.7823
gauss3,e_memory_by_cells,\Verb{nonconst_coeff_precalc          },overall,1140,1140,1140,1481544000,64,124104.3972,374.2491,124104.3972,374.2491,135400.8081,406.6785,6.2441,5.6401,22.5612,188537.5225,566.2235
gauss3,e_memory_by_cells,\Verb{nonconst_coeff_precalc          },apply,1160,1160,1160,1560896000,64,266279.8828,152.6671,266279.8828,152.6671,200917.4039,114.8855,22.4958,22.0639,24.5234,219252.3102,125.0400
gauss3,e_memory_by_cells,\Verb{nonconst_coeff_precalc          },overall,1160,1160,1160,1560896000,64,125300.3344,392.2988,125300.3344,392.2988,135030.9244,424.5336,6.2031,5.6171,22.6280,188667.0401,591.9423
gauss3,e_memory_by_cells,\Verb{nonconst_coeff_precalc          },apply,1180,1180,1180,1643032000,64,266544.9773,162.1832,266544.9773,162.1832,201413.7492,122.5326,22.8059,22.0416,24.1622,216169.8390,131.6724
gauss3,e_memory_by_cells,\Verb{nonconst_coeff_precalc          },overall,1180,1180,1180,1643032000,64,124845.3764,414.9672,124845.3764,414.9672,136363.5764,453.6332,6.3017,5.6697,22.4784,189134.6862,630.1307
gauss3,e_memory_by_cells,\Verb{nonconst_coeff_precalc          },apply,1200,1200,1200,1728000000,64,270015.5467,170.2583,270015.5467,170.2583,200501.0904,126.5859,22.4206,22.0613,24.5994,220142.6981,138.8833
gauss3,e_memory_by_cells,\Verb{nonconst_coeff_precalc          },overall,1200,1200,1200,1728000000,64,126230.8212,436.5354,126230.8212,436.5354,135948.4486,470.7307,6.2240,5.6773,22.7945,191322.0657,662.9096
gauss3,e_memory_by_cells,\Verb{nonconst_coeff_precalc          },apply,1220,1220,1220,1815848000,64,283940.1833,185.7800,283940.1833,185.7800,203011.3790,133.0151,22.4449,22.0903,24.6051,222217.4921,145.4872
gauss3,e_memory_by_cells,\Verb{nonconst_coeff_precalc          },overall,1220,1220,1220,1815848000,64,130245.9118,465.5665,130245.9118,465.5665,139088.9115,496.1836,6.2460,5.6446,22.5790,192961.5617,690.4858
gauss3,e_memory_by_cells,\Verb{nonconst_coeff_precalc          },apply,1240,1240,1240,1906624000,64,271364.4577,187.7811,271364.4577,187.7811,219901.2074,152.0679,24.4924,22.1430,22.6022,221106.3736,152.7565
gauss3,e_memory_by_cells,\Verb{nonconst_coeff_precalc          },overall,1240,1240,1240,1906624000,64,127169.5681,479.6069,127169.5681,479.6069,141494.4546,532.4243,6.3954,5.6859,22.2161,194086.4119,730.6565
gauss3,e_memory_by_cells,\Verb{nonconst_coeff_precalc          },apply,1260,1260,1260,2000376000,64,263667.5238,195.9617,263667.5238,195.9617,198721.7710,146.5157,22.4650,22.1053,24.5997,216677.3781,160.2517
gauss3,e_memory_by_cells,\Verb{nonconst_coeff_precalc          },overall,1260,1260,1260,2000376000,64,128229.1374,502.8572,128229.1374,502.8572,139416.0407,543.4815,6.2232,5.6791,22.8009,194048.1150,764.9816
gauss3,e_memory_by_cells,\Verb{nonconst_coeff_precalc          },apply,1280,1280,1280,2097152000,64,332073.4312,247.3143,332073.4312,247.3143,208385.3431,154.8388,22.7891,22.2524,24.4114,226026.4948,167.9920
gauss3,e_memory_by_cells,\Verb{nonconst_coeff_precalc          },overall,1280,1280,1280,2097152000,64,142011.4880,574.8804,142011.4880,574.8804,142178.3283,575.6844,6.2985,5.6971,22.6049,198125.0655,803.4918
gauss3,e_memory_by_cells,\Verb{nonconst_coeff_precalc          },apply,1300,1300,1300,2197000000,64,271046.0574,215.4689,271046.0574,215.4689,213258.2880,169.4589,23.7105,22.1588,23.3639,221449.5967,176.0971
gauss3,e_memory_by_cells,\Verb{nonconst_coeff_precalc          },overall,1300,1300,1300,2197000000,64,130132.1593,552.8231,130132.1593,552.8231,142885.4021,607.3834,6.3492,5.7114,22.4796,198264.5849,843.7989
gauss3,e_memory_by_cells,\Verb{nonconst_coeff_precalc          },apply,1320,1320,1320,2299968000,64,263655.9597,224.9087,263655.9597,224.9087,198032.8440,169.1132,22.5979,22.1639,24.5208,215920.5773,184.2617
gauss3,e_memory_by_cells,\Verb{nonconst_coeff_precalc          },overall,1320,1320,1320,2299968000,64,129755.5378,577.8711,129755.5378,577.8711,140936.5874,627.7551,6.2717,5.6928,22.6858,197353.7355,879.2942
gauss3,e_memory_by_cells,\Verb{nonconst_coeff_precalc          },apply,1340,1340,1340,2406104000,64,290565.3213,249.8988,290565.3213,249.8988,206786.9930,177.5120,22.7188,22.1973,24.4264,224646.3300,192.7484
gauss3,e_memory_by_cells,\Verb{nonconst_coeff_precalc          },overall,1340,1340,1340,2406104000,64,136825.8308,619.5666,136825.8308,619.5666,144278.9808,654.7610,6.2534,5.6432,22.5538,200586.4694,909.3947
gauss3,e_memory_by_cells,\Verb{nonconst_coeff_precalc          },apply,1360,1360,1360,2515456000,64,272796.1687,248.7889,272796.1687,248.7889,205184.2372,187.1805,22.9188,22.2123,24.2308,220956.7131,201.5489
gauss3,e_memory_by_cells,\Verb{nonconst_coeff_precalc          },overall,1360,1360,1360,2515456000,64,132184.5567,635.0244,132184.5567,635.0244,143141.1522,686.6154,6.2817,5.7041,22.6942,200267.9501,962.2529
gauss3,e_memory_by_cells,\Verb{nonconst_coeff_precalc          },apply,1380,1380,1380,2628072000,64,264439.8823,258.9803,264439.8823,258.9803,200646.2557,196.5285,23.0221,22.1999,24.1097,215079.5904,210.6526
gauss3,e_memory_by_cells,\Verb{nonconst_coeff_precalc          },overall,1380,1380,1380,2628072000,64,131494.5713,661.2425,131494.5713,661.2425,143282.5022,719.4756,6.3051,5.6817,22.5221,199342.1484,999.5738
gauss3,e_memory_by_cells,\Verb{nonconst_coeff_precalc          },apply,1400,1400,1400,2744000000,64,272467.0326,268.1134,272467.0326,268.1134,204836.9422,201.5305,22.6203,22.2203,24.5606,223581.4025,220.0272
gauss3,e_memory_by_cells,\Verb{nonconst_coeff_precalc          },overall,1400,1400,1400,2744000000,64,133165.2943,690.5160,133165.2943,690.5160,144471.3381,748.0739,6.2836,5.7115,22.7192,202818.6645,1049.2424
gauss3,e_memory_by_cells,\Verb{nonconst_coeff_precalc          },apply,1420,1420,1420,2863288000,64,271311.9166,281.7781,271311.9166,281.7781,203346.7080,211.0657,22.7191,22.2268,24.4611,221137.4335,229.5136
gauss3,e_memory_by_cells,\Verb{nonconst_coeff_precalc          },overall,1420,1420,1420,2863288000,64,133366.9732,720.8275,133366.9732,720.8275,144993.0523,781.5184,6.2941,5.7035,22.6471,202869.4686,1092.3305
gauss3,e_memory_by_cells,\Verb{nonconst_coeff_precalc          },apply,1440,1440,1440,2985984000,64,303615.2241,339.6628,303615.2241,339.6628,197288.8373,220.9485,22.8101,22.2326,24.3698,213995.2138,239.3159
gauss3,e_memory_by_cells,\Verb{nonconst_coeff_precalc          },overall,1440,1440,1440,2985984000,64,142518.4362,806.9482,142518.4362,806.9482,144151.7518,814.1181,6.2904,5.6794,22.5675,200826.5033,1133.1935
gauss3,e_memory_by_cells,\Verb{nonconst_coeff_precalc          },apply,1460,1460,1460,3112136000,64,269956.7368,303.8313,269956.7368,303.8313,205162.5428,230.9193,22.8759,22.2242,24.2878,221610.7176,249.3026
gauss3,e_memory_by_cells,\Verb{nonconst_coeff_precalc          },overall,1460,1460,1460,3112136000,64,132929.2799,780.1143,132929.2799,780.1143,145448.0603,855.2222,6.3447,5.7430,22.6266,204001.1026,1197.3670
gauss3,e_memory_by_cells,\Verb{nonconst_coeff_precalc          },apply,1480,1480,1480,3241792000,64,274255.6509,324.8182,274255.6509,324.8182,211537.4801,249.7033,23.7767,22.2518,23.3968,219615.2696,259.7736
gauss3,e_memory_by_cells,\Verb{nonconst_coeff_precalc          },overall,1480,1480,1480,3241792000,64,123979.9770,821.5956,123979.9770,821.5956,135088.3734,893.7418,6.3700,5.7039,22.3830,186388.5488,1233.3864
gauss3,e_memory_by_cells,\Verb{nonconst_coeff_precalc          },apply,1500,1500,1500,3375000000,64,273413.2949,338.7510,273413.2949,338.7510,211450.3130,262.0399,23.9642,22.2579,23.2214,218362.2771,270.4426
gauss3,e_memory_by_cells,\Verb{nonconst_coeff_precalc          },overall,1500,1500,1500,3375000000,64,113557.4890,857.6459,113557.4890,857.6459,123536.6252,933.6619,6.3800,5.6917,22.3010,169595.2193,1282.8755
gauss3,e_memory_by_cells,\Verb{nonconst_coeff_precalc          },apply,1520,1520,1520,3511808000,64,281130.5117,358.0019,281130.5117,358.0019,209807.6998,267.3756,23.5072,22.2572,23.6707,220620.8138,281.4548
gauss3,e_memory_by_cells,\Verb{nonconst_coeff_precalc          },overall,1520,1520,1520,3511808000,64,106011.4706,897.0954,106011.4706,897.0954,113674.4806,961.4289,6.3308,5.6888,22.4638,171724.0423,1329.1113
gauss3,e_memory_by_cells,\Verb{nonconst_coeff_precalc          },apply,1540,1540,1540,3652264000,64,347846.2017,456.7066,347846.2017,456.7066,206033.3468,270.6167,22.8887,22.2769,24.3328,222886.3709,292.5732
gauss3,e_memory_by_cells,\Verb{nonconst_coeff_precalc          },overall,1540,1540,1540,3652264000,64,108345.0980,1028.8530,108345.0980,1028.8530,103877.1422,986.4009,6.2470,5.6996,22.8089,146165.6826,1384.6107
gauss3,e_memory_by_cells,\Verb{nonconst_coeff_precalc          },apply,1560,1560,1560,3796416000,64,278102.9508,380.3539,278102.9508,380.3539,203947.3996,278.8359,22.6966,22.2789,24.5400,222430.6904,304.1844
gauss3,e_memory_by_cells,\Verb{nonconst_coeff_precalc          },overall,1560,1560,1560,3796416000,64,92509.6906,966.4930,92509.6906,966.4930,100243.5794,1025.6329,6.2489,5.6602,22.6453,139362.5285,1424.5602
gauss3,e_memory_by_cells,\Verb{nonconst_coeff_precalc          },apply,1580,1580,1580,3944312000,64,268247.7947,386.5316,268247.7947,386.5316,206352.6731,297.2395,23.2543,22.2497,23.9201,219221.5439,316.1285
gauss3,e_memory_by_cells,\Verb{nonconst_coeff_precalc          },overall,1580,1580,1580,3944312000,64,86119.6255,992.0523,86119.6255,992.0523,109266.1057,1075.7575,6.3191,5.6923,22.5187,129342.1847,1484.8647
gauss3,e_memory_by_cells,\Verb{nonconst_coeff_precalc          },apply,1600,1600,1600,4096000000,64,323718.0327,469.9424,323718.0327,469.9424,208491.5184,303.1515,22.8941,22.3143,24.3671,226045.0479,328.2279
gauss3,e_memory_by_cells,\Verb{nonconst_coeff_precalc          },overall,1600,1600,1600,4096000000,64,88663.0714,1103.8473,88663.0714,1103.8473,88943.1744,1106.1765,6.2526,5.6890,22.7480,124426.2637,1545.4794
